--
-- PostgreSQL database dump
--

-- Dumped from database version 15.1 (Ubuntu 15.1-1.pgdg20.04+1)
-- Dumped by pg_dump version 15.4 (Ubuntu 15.4-1.pgdg20.04+1)

SET statement_timeout = 0;
SET lock_timeout = 0;
SET idle_in_transaction_session_timeout = 0;
SET client_encoding = 'UTF8';
SET standard_conforming_strings = on;
SELECT pg_catalog.set_config('search_path', '', false);
SET check_function_bodies = false;
SET xmloption = content;
SET client_min_messages = warning;
SET row_security = off;

--
-- Data for Name: audit_log_entries; Type: TABLE DATA; Schema: auth; Owner: supabase_auth_admin
--

INSERT INTO "auth"."audit_log_entries" ("instance_id", "id", "payload", "created_at", "ip_address") VALUES
	('00000000-0000-0000-0000-000000000000', 'e8a961d7-30b6-4a91-b602-7bb8686f9dfb', '{"action":"login","actor_id":"f430fcee-7405-445b-8fb8-bd49375a8e92","actor_username":"hoge@com","actor_via_sso":false,"log_type":"account","traits":{"provider":"email"}}', '2023-11-15 00:56:46.053337+00', ''),
	('00000000-0000-0000-0000-000000000000', 'db001aab-aa1b-49b1-9b0b-1ffc652496f7', '{"action":"logout","actor_id":"f430fcee-7405-445b-8fb8-bd49375a8e92","actor_username":"hoge@com","actor_via_sso":false,"log_type":"account"}', '2023-11-15 00:58:29.209257+00', ''),
	('00000000-0000-0000-0000-000000000000', 'cce6e938-2142-4d68-a7f3-e01eec8beb25', '{"action":"login","actor_id":"f430fcee-7405-445b-8fb8-bd49375a8e92","actor_username":"hoge@com","actor_via_sso":false,"log_type":"account","traits":{"provider":"email"}}', '2023-11-15 00:58:42.186459+00', ''),
	('00000000-0000-0000-0000-000000000000', '0a66d816-ab1d-4a51-b96a-f8e88899602e', '{"action":"logout","actor_id":"f430fcee-7405-445b-8fb8-bd49375a8e92","actor_username":"hoge@com","actor_via_sso":false,"log_type":"account"}', '2023-11-15 01:00:22.784232+00', ''),
	('00000000-0000-0000-0000-000000000000', 'b67e9d95-ef0c-4c9a-b902-f4d3cdfec781', '{"action":"login","actor_id":"f430fcee-7405-445b-8fb8-bd49375a8e92","actor_username":"hoge@com","actor_via_sso":false,"log_type":"account","traits":{"provider":"email"}}', '2023-11-15 01:00:31.072232+00', ''),
	('00000000-0000-0000-0000-000000000000', 'c3e10238-a54d-45f8-a4ab-ddd64dac2ce7', '{"action":"logout","actor_id":"f430fcee-7405-445b-8fb8-bd49375a8e92","actor_username":"hoge@com","actor_via_sso":false,"log_type":"account"}', '2023-11-15 01:00:33.650806+00', ''),
	('00000000-0000-0000-0000-000000000000', 'a0d089bc-f48c-41a9-991c-2224481f64fa', '{"action":"login","actor_id":"f430fcee-7405-445b-8fb8-bd49375a8e92","actor_username":"hoge@com","actor_via_sso":false,"log_type":"account","traits":{"provider":"email"}}', '2023-11-15 01:00:35.577669+00', ''),
	('00000000-0000-0000-0000-000000000000', '78bdae4c-9362-44ad-9f9d-deef7159322b', '{"action":"logout","actor_id":"f430fcee-7405-445b-8fb8-bd49375a8e92","actor_username":"hoge@com","actor_via_sso":false,"log_type":"account"}', '2023-11-15 01:05:20.821281+00', ''),
	('00000000-0000-0000-0000-000000000000', '3b633128-9f1b-4a7f-b036-82c8890f8b7c', '{"action":"login","actor_id":"f430fcee-7405-445b-8fb8-bd49375a8e92","actor_username":"hoge@com","actor_via_sso":false,"log_type":"account","traits":{"provider":"email"}}', '2023-11-15 01:11:16.211858+00', ''),
	('00000000-0000-0000-0000-000000000000', '9e5d0267-93e5-45cb-a0a3-aa07174335eb', '{"action":"logout","actor_id":"f430fcee-7405-445b-8fb8-bd49375a8e92","actor_username":"hoge@com","actor_via_sso":false,"log_type":"account"}', '2023-11-15 01:11:27.287038+00', ''),
	('00000000-0000-0000-0000-000000000000', '9ff31a36-a1f8-4fef-83d7-b4f93df3f038', '{"action":"login","actor_id":"f430fcee-7405-445b-8fb8-bd49375a8e92","actor_username":"hoge@com","actor_via_sso":false,"log_type":"account","traits":{"provider":"email"}}', '2023-11-15 01:11:33.499837+00', ''),
	('00000000-0000-0000-0000-000000000000', 'c27d6dbb-9fcf-448a-9d3d-e9a03aa633ae', '{"action":"logout","actor_id":"f430fcee-7405-445b-8fb8-bd49375a8e92","actor_username":"hoge@com","actor_via_sso":false,"log_type":"account"}', '2023-11-15 01:12:32.191676+00', ''),
	('00000000-0000-0000-0000-000000000000', 'cebbc784-32d2-4e48-9a64-c751754de211', '{"action":"login","actor_id":"f430fcee-7405-445b-8fb8-bd49375a8e92","actor_username":"hoge@com","actor_via_sso":false,"log_type":"account","traits":{"provider":"email"}}', '2023-11-15 01:21:05.852803+00', ''),
	('00000000-0000-0000-0000-000000000000', '08300a64-8e22-45e0-951b-e23e7ae1f7c5', '{"action":"logout","actor_id":"f430fcee-7405-445b-8fb8-bd49375a8e92","actor_username":"hoge@com","actor_via_sso":false,"log_type":"account"}', '2023-11-15 01:29:15.051174+00', ''),
	('00000000-0000-0000-0000-000000000000', '4247d150-0ed1-4760-844a-4abb16ee8e47', '{"action":"login","actor_id":"f430fcee-7405-445b-8fb8-bd49375a8e92","actor_username":"hoge@com","actor_via_sso":false,"log_type":"account","traits":{"provider":"email"}}', '2023-11-15 01:50:26.113929+00', ''),
	('00000000-0000-0000-0000-000000000000', '81c995f6-0ca9-4939-b9fc-9889fc7e2166', '{"action":"logout","actor_id":"f430fcee-7405-445b-8fb8-bd49375a8e92","actor_username":"hoge@com","actor_via_sso":false,"log_type":"account"}', '2023-11-15 02:21:29.255851+00', ''),
	('00000000-0000-0000-0000-000000000000', 'df8e0eb9-79d8-4ff0-91b5-f3f863050bac', '{"action":"login","actor_id":"f430fcee-7405-445b-8fb8-bd49375a8e92","actor_username":"hoge@com","actor_via_sso":false,"log_type":"account","traits":{"provider":"email"}}', '2023-11-15 02:21:30.917753+00', ''),
	('00000000-0000-0000-0000-000000000000', '4befddc7-a146-45a1-9c13-b49862be1923', '{"action":"logout","actor_id":"f430fcee-7405-445b-8fb8-bd49375a8e92","actor_username":"hoge@com","actor_via_sso":false,"log_type":"account"}', '2023-11-15 02:38:58.734828+00', ''),
	('00000000-0000-0000-0000-000000000000', '55b9b862-b0cb-48be-bb82-e84da45ccb63', '{"action":"login","actor_id":"f430fcee-7405-445b-8fb8-bd49375a8e92","actor_username":"hoge@com","actor_via_sso":false,"log_type":"account","traits":{"provider":"email"}}', '2023-11-15 05:41:09.175999+00', ''),
	('00000000-0000-0000-0000-000000000000', '489ca501-7cef-47cc-a896-82ac5355772d', '{"action":"logout","actor_id":"f430fcee-7405-445b-8fb8-bd49375a8e92","actor_username":"hoge@com","actor_via_sso":false,"log_type":"account"}', '2023-11-15 05:41:15.30623+00', ''),
	('00000000-0000-0000-0000-000000000000', '89d0d2d6-496e-4dbf-9afd-0fbb6a876df3', '{"action":"login","actor_id":"f430fcee-7405-445b-8fb8-bd49375a8e92","actor_username":"hoge@com","actor_via_sso":false,"log_type":"account","traits":{"provider":"email"}}', '2023-11-15 05:41:55.618321+00', ''),
	('00000000-0000-0000-0000-000000000000', '459f91ad-c458-4aba-9be6-13b9e4db764b', '{"action":"logout","actor_id":"f430fcee-7405-445b-8fb8-bd49375a8e92","actor_username":"hoge@com","actor_via_sso":false,"log_type":"account"}', '2023-11-15 05:43:09.662976+00', ''),
	('00000000-0000-0000-0000-000000000000', '90e18211-417c-48b2-9b10-34e8e0180a8c', '{"action":"login","actor_id":"f430fcee-7405-445b-8fb8-bd49375a8e92","actor_username":"hoge@com","actor_via_sso":false,"log_type":"account","traits":{"provider":"email"}}', '2023-11-15 05:43:12.541065+00', ''),
	('00000000-0000-0000-0000-000000000000', '9002fbc5-0834-4e7c-8fab-6e4248097e98', '{"action":"logout","actor_id":"f430fcee-7405-445b-8fb8-bd49375a8e92","actor_username":"hoge@com","actor_via_sso":false,"log_type":"account"}', '2023-11-15 05:43:49.095533+00', ''),
	('00000000-0000-0000-0000-000000000000', 'cb7c4b91-f5de-4051-84e0-33abbe2ad3bc', '{"action":"login","actor_id":"f430fcee-7405-445b-8fb8-bd49375a8e92","actor_username":"hoge@com","actor_via_sso":false,"log_type":"account","traits":{"provider":"email"}}', '2023-11-15 05:44:10.396025+00', ''),
	('00000000-0000-0000-0000-000000000000', '4eb58f34-64c4-4f21-8821-e0cb10e6caf3', '{"action":"logout","actor_id":"f430fcee-7405-445b-8fb8-bd49375a8e92","actor_username":"hoge@com","actor_via_sso":false,"log_type":"account"}', '2023-11-15 05:57:50.598665+00', ''),
	('00000000-0000-0000-0000-000000000000', 'a1c0a436-9cbc-4b1c-a2e4-30714d906979', '{"action":"login","actor_id":"f430fcee-7405-445b-8fb8-bd49375a8e92","actor_username":"hoge@com","actor_via_sso":false,"log_type":"account","traits":{"provider":"email"}}', '2023-11-15 06:42:00.162974+00', ''),
	('00000000-0000-0000-0000-000000000000', '04ef6edf-ca5b-45ce-a3f2-19a8be4e82c8', '{"action":"logout","actor_id":"f430fcee-7405-445b-8fb8-bd49375a8e92","actor_username":"hoge@com","actor_via_sso":false,"log_type":"account"}', '2023-11-15 06:42:30.159313+00', ''),
	('00000000-0000-0000-0000-000000000000', 'f5dfdb67-6199-4721-8df7-ba8741ce92b4', '{"action":"login","actor_id":"f430fcee-7405-445b-8fb8-bd49375a8e92","actor_username":"hoge@com","actor_via_sso":false,"log_type":"account","traits":{"provider":"email"}}', '2023-11-15 06:42:31.300185+00', ''),
	('00000000-0000-0000-0000-000000000000', '7d58b999-5958-446c-8889-49fd5879128b', '{"action":"token_refreshed","actor_id":"f430fcee-7405-445b-8fb8-bd49375a8e92","actor_username":"hoge@com","actor_via_sso":false,"log_type":"token"}', '2023-11-15 07:40:50.568047+00', ''),
	('00000000-0000-0000-0000-000000000000', '550e7a81-2a48-4aba-9b37-6a2a31d99231', '{"action":"token_revoked","actor_id":"f430fcee-7405-445b-8fb8-bd49375a8e92","actor_username":"hoge@com","actor_via_sso":false,"log_type":"token"}', '2023-11-15 07:40:50.569694+00', ''),
	('00000000-0000-0000-0000-000000000000', '578ff0c0-c384-46f0-8101-a9dfa3a2f903', '{"action":"token_refreshed","actor_id":"f430fcee-7405-445b-8fb8-bd49375a8e92","actor_username":"hoge@com","actor_via_sso":false,"log_type":"token"}', '2023-11-15 07:40:50.584924+00', ''),
	('00000000-0000-0000-0000-000000000000', '1d8087b7-7c12-44a7-be0f-613775a91549', '{"action":"token_revoked","actor_id":"f430fcee-7405-445b-8fb8-bd49375a8e92","actor_username":"hoge@com","actor_via_sso":false,"log_type":"token"}', '2023-11-15 07:40:50.585576+00', ''),
	('00000000-0000-0000-0000-000000000000', '6acd3dc5-def1-423e-aaed-564fe64ed0c4', '{"action":"token_refreshed","actor_id":"f430fcee-7405-445b-8fb8-bd49375a8e92","actor_username":"hoge@com","actor_via_sso":false,"log_type":"token"}', '2023-11-15 08:39:01.389063+00', ''),
	('00000000-0000-0000-0000-000000000000', 'f300421f-19e0-4fcc-9b3f-0857b5a117c5', '{"action":"token_revoked","actor_id":"f430fcee-7405-445b-8fb8-bd49375a8e92","actor_username":"hoge@com","actor_via_sso":false,"log_type":"token"}', '2023-11-15 08:39:01.390341+00', ''),
	('00000000-0000-0000-0000-000000000000', '3e6b5c01-35bc-4003-9f33-0d32a7c1c66f', '{"action":"token_refreshed","actor_id":"f430fcee-7405-445b-8fb8-bd49375a8e92","actor_username":"hoge@com","actor_via_sso":false,"log_type":"token"}', '2023-11-15 08:39:01.415722+00', ''),
	('00000000-0000-0000-0000-000000000000', 'be34f0bd-70a8-4a02-99bb-2ca666ca1898', '{"action":"token_revoked","actor_id":"f430fcee-7405-445b-8fb8-bd49375a8e92","actor_username":"hoge@com","actor_via_sso":false,"log_type":"token"}', '2023-11-15 08:39:01.41641+00', ''),
	('00000000-0000-0000-0000-000000000000', '25abfbc6-821d-4983-af3a-ee7fb60632f1', '{"action":"logout","actor_id":"f430fcee-7405-445b-8fb8-bd49375a8e92","actor_username":"hoge@com","actor_via_sso":false,"log_type":"account"}', '2023-11-15 09:05:30.724024+00', ''),
	('00000000-0000-0000-0000-000000000000', 'd0583bbc-699e-474d-9372-68e262998337', '{"action":"login","actor_id":"f430fcee-7405-445b-8fb8-bd49375a8e92","actor_username":"hoge@com","actor_via_sso":false,"log_type":"account","traits":{"provider":"email"}}', '2023-11-15 09:05:31.731729+00', ''),
	('00000000-0000-0000-0000-000000000000', 'd7ed8753-71ff-4355-b211-8bc17dd48bc7', '{"action":"token_refreshed","actor_id":"f430fcee-7405-445b-8fb8-bd49375a8e92","actor_username":"hoge@com","actor_via_sso":false,"log_type":"token"}', '2023-11-16 00:59:33.647369+00', ''),
	('00000000-0000-0000-0000-000000000000', 'c5b789be-9b89-4239-b6a3-911341e3c14a', '{"action":"token_revoked","actor_id":"f430fcee-7405-445b-8fb8-bd49375a8e92","actor_username":"hoge@com","actor_via_sso":false,"log_type":"token"}', '2023-11-16 00:59:33.648771+00', ''),
	('00000000-0000-0000-0000-000000000000', '3444538e-7ec3-4971-89f3-72d805743b2e', '{"action":"token_refreshed","actor_id":"f430fcee-7405-445b-8fb8-bd49375a8e92","actor_username":"hoge@com","actor_via_sso":false,"log_type":"token"}', '2023-11-16 00:59:33.67082+00', ''),
	('00000000-0000-0000-0000-000000000000', '6aa8708b-40e4-491d-a0d1-5877d1f4d584', '{"action":"token_revoked","actor_id":"f430fcee-7405-445b-8fb8-bd49375a8e92","actor_username":"hoge@com","actor_via_sso":false,"log_type":"token"}', '2023-11-16 00:59:33.671236+00', ''),
	('00000000-0000-0000-0000-000000000000', '0ae4af8b-26e9-4965-b6e7-72a0373b43b1', '{"action":"token_refreshed","actor_id":"f430fcee-7405-445b-8fb8-bd49375a8e92","actor_username":"hoge@com","actor_via_sso":false,"log_type":"token"}', '2023-11-16 01:57:55.185621+00', ''),
	('00000000-0000-0000-0000-000000000000', 'bdf858eb-2ad3-451f-a106-67615efd9005', '{"action":"token_revoked","actor_id":"f430fcee-7405-445b-8fb8-bd49375a8e92","actor_username":"hoge@com","actor_via_sso":false,"log_type":"token"}', '2023-11-16 01:57:55.186718+00', ''),
	('00000000-0000-0000-0000-000000000000', 'b82cf22f-cfc5-4ce7-9a9c-65963d05bb42', '{"action":"token_refreshed","actor_id":"f430fcee-7405-445b-8fb8-bd49375a8e92","actor_username":"hoge@com","actor_via_sso":false,"log_type":"token"}', '2023-11-16 01:57:55.210314+00', ''),
	('00000000-0000-0000-0000-000000000000', '743ad1f7-9f6a-458b-9b56-8955c1c9699f', '{"action":"token_revoked","actor_id":"f430fcee-7405-445b-8fb8-bd49375a8e92","actor_username":"hoge@com","actor_via_sso":false,"log_type":"token"}', '2023-11-16 01:57:55.211284+00', ''),
	('00000000-0000-0000-0000-000000000000', '971c8771-8f1a-4bc8-9168-938329c3bdff', '{"action":"token_refreshed","actor_id":"f430fcee-7405-445b-8fb8-bd49375a8e92","actor_username":"hoge@com","actor_via_sso":false,"log_type":"token"}', '2023-11-16 02:56:03.800723+00', ''),
	('00000000-0000-0000-0000-000000000000', '74be3831-2cc7-4ed8-b82c-c3b66ab208e2', '{"action":"token_revoked","actor_id":"f430fcee-7405-445b-8fb8-bd49375a8e92","actor_username":"hoge@com","actor_via_sso":false,"log_type":"token"}', '2023-11-16 02:56:03.80376+00', ''),
	('00000000-0000-0000-0000-000000000000', 'c1b6cd17-6f64-4fc5-a41b-e64442a185fe', '{"action":"token_refreshed","actor_id":"f430fcee-7405-445b-8fb8-bd49375a8e92","actor_username":"hoge@com","actor_via_sso":false,"log_type":"token"}', '2023-11-16 02:56:03.827578+00', ''),
	('00000000-0000-0000-0000-000000000000', 'c47f07de-da3c-4004-bab7-d9e02324aa42', '{"action":"token_revoked","actor_id":"f430fcee-7405-445b-8fb8-bd49375a8e92","actor_username":"hoge@com","actor_via_sso":false,"log_type":"token"}', '2023-11-16 02:56:03.827908+00', ''),
	('00000000-0000-0000-0000-000000000000', 'dc45b2e1-8458-411d-abe9-2902ab035833', '{"action":"token_refreshed","actor_id":"f430fcee-7405-445b-8fb8-bd49375a8e92","actor_username":"hoge@com","actor_via_sso":false,"log_type":"token"}', '2023-11-16 03:56:53.34517+00', ''),
	('00000000-0000-0000-0000-000000000000', '066c981d-7e5a-47a6-a754-db5db7c7c587', '{"action":"token_revoked","actor_id":"f430fcee-7405-445b-8fb8-bd49375a8e92","actor_username":"hoge@com","actor_via_sso":false,"log_type":"token"}', '2023-11-16 03:56:53.349335+00', ''),
	('00000000-0000-0000-0000-000000000000', 'a5b829e0-c468-4287-a98c-e1eb143346e7', '{"action":"token_refreshed","actor_id":"f430fcee-7405-445b-8fb8-bd49375a8e92","actor_username":"hoge@com","actor_via_sso":false,"log_type":"token"}', '2023-11-16 03:56:53.367255+00', ''),
	('00000000-0000-0000-0000-000000000000', 'd9eb1ed1-5597-4728-afa8-6c1e84a8a7d3', '{"action":"token_revoked","actor_id":"f430fcee-7405-445b-8fb8-bd49375a8e92","actor_username":"hoge@com","actor_via_sso":false,"log_type":"token"}', '2023-11-16 03:56:53.367841+00', ''),
	('00000000-0000-0000-0000-000000000000', 'd9c399d7-6a91-480d-ba07-408ed00a46c7', '{"action":"logout","actor_id":"f430fcee-7405-445b-8fb8-bd49375a8e92","actor_username":"hoge@com","actor_via_sso":false,"log_type":"account"}', '2023-11-16 04:36:00.387952+00', ''),
	('00000000-0000-0000-0000-000000000000', 'c2f0ab0a-b7b2-4903-b76d-26a99c6009cf', '{"action":"login","actor_id":"f430fcee-7405-445b-8fb8-bd49375a8e92","actor_username":"hoge@com","actor_via_sso":false,"log_type":"account","traits":{"provider":"email"}}', '2023-11-16 04:36:01.76288+00', ''),
	('00000000-0000-0000-0000-000000000000', '30fa0559-74d9-4836-bc11-7ffe50924339', '{"action":"logout","actor_id":"f430fcee-7405-445b-8fb8-bd49375a8e92","actor_username":"hoge@com","actor_via_sso":false,"log_type":"account"}', '2023-11-16 04:46:14.61449+00', ''),
	('00000000-0000-0000-0000-000000000000', '425a273d-00ef-48da-b5f4-b2e69edb626e', '{"action":"login","actor_id":"f430fcee-7405-445b-8fb8-bd49375a8e92","actor_username":"hoge@com","actor_via_sso":false,"log_type":"account","traits":{"provider":"email"}}', '2023-11-16 04:46:15.675037+00', ''),
	('00000000-0000-0000-0000-000000000000', 'ff90afe2-9797-49e8-9d79-b368c8251f21', '{"action":"user_signedup","actor_id":"00000000-0000-0000-0000-000000000000","actor_username":"service_role","actor_via_sso":false,"log_type":"team","traits":{"user_email":"hoge@hoge.com","user_id":"52ba06b7-2428-4d06-af75-f8b937e9ef74","user_phone":""}}', '2023-11-17 00:23:12.845867+00', ''),
	('00000000-0000-0000-0000-000000000000', '788aa5c1-e4e0-4eeb-b1cc-8efbbad5660c', '{"action":"user_signedup","actor_id":"00000000-0000-0000-0000-000000000000","actor_username":"service_role","actor_via_sso":false,"log_type":"team","traits":{"user_email":"test@test.com","user_id":"1ede1a87-172d-4fb0-8094-75bd507f5426","user_phone":""}}', '2023-11-17 00:26:03.492269+00', ''),
	('00000000-0000-0000-0000-000000000000', '01cf961e-6d1a-43ed-ac34-f018d0a49035', '{"action":"user_signedup","actor_id":"00000000-0000-0000-0000-000000000000","actor_username":"service_role","actor_via_sso":false,"log_type":"team","traits":{"user_email":"test@com","user_id":"9b5a4e4f-07d2-458d-8198-6ae3f43f9a53","user_phone":""}}', '2023-11-17 04:06:25.938877+00', ''),
	('00000000-0000-0000-0000-000000000000', 'c96ef775-9725-450f-bb55-4cd1b2306302', '{"action":"user_signedup","actor_id":"00000000-0000-0000-0000-000000000000","actor_username":"service_role","actor_via_sso":false,"log_type":"team","traits":{"user_email":"hoge@com","user_id":"f6920f39-7795-4c16-b9e1-7656ead1bb0d","user_phone":""}}', '2023-11-17 04:17:12.883936+00', ''),
	('00000000-0000-0000-0000-000000000000', '625f72b1-76ef-4669-9ea5-3730d139d7b5', '{"action":"user_signedup","actor_id":"00000000-0000-0000-0000-000000000000","actor_username":"service_role","actor_via_sso":false,"log_type":"team","traits":{"user_email":"test@hoge.com","user_id":"06d50cef-ea37-45ce-9764-ade405e8199f","user_phone":""}}', '2023-11-18 00:37:08.977909+00', ''),
	('00000000-0000-0000-0000-000000000000', '6bf461e9-e2fa-483a-8c19-82d545f38720', '{"action":"user_modified","actor_id":"00000000-0000-0000-0000-000000000000","actor_username":"service_role","actor_via_sso":false,"log_type":"user","traits":{"user_email":"test@hoge","user_id":"06d50cef-ea37-45ce-9764-ade405e8199f","user_phone":""}}', '2023-11-18 00:40:52.606321+00', ''),
	('00000000-0000-0000-0000-000000000000', '75103d53-6199-4625-95c8-4e738e1b6696', '{"action":"user_modified","actor_id":"00000000-0000-0000-0000-000000000000","actor_username":"service_role","actor_via_sso":false,"log_type":"user","traits":{"user_email":"hoge@hoge.com","user_id":"f430fcee-7405-445b-8fb8-bd49375a8e92","user_phone":""}}', '2023-11-18 00:41:49.011243+00', ''),
	('00000000-0000-0000-0000-000000000000', '643182aa-d192-4318-80b6-3e87dbedcc66', '{"action":"user_signedup","actor_id":"00000000-0000-0000-0000-000000000000","actor_username":"service_role","actor_via_sso":false,"log_type":"team","traits":{"user_email":"test@test.com","user_id":"a9e65006-be83-44a3-801e-82a42a67b23e","user_phone":""}}', '2023-11-18 00:42:42.239608+00', ''),
	('00000000-0000-0000-0000-000000000000', 'ba1f4393-e0e9-40b7-bd7b-92b5bd255829', '{"action":"user_modified","actor_id":"00000000-0000-0000-0000-000000000000","actor_username":"service_role","actor_via_sso":false,"log_type":"user","traits":{"user_email":"test@test.com","user_id":"a9e65006-be83-44a3-801e-82a42a67b23e","user_phone":""}}', '2023-11-18 00:43:34.293227+00', ''),
	('00000000-0000-0000-0000-000000000000', 'e3151805-3621-45da-811d-cc1c12bea6de', '{"action":"user_modified","actor_id":"00000000-0000-0000-0000-000000000000","actor_username":"service_role","actor_via_sso":false,"log_type":"user","traits":{"user_email":"test@test.com","user_id":"a9e65006-be83-44a3-801e-82a42a67b23e","user_phone":""}}', '2023-11-18 00:43:55.73267+00', ''),
	('00000000-0000-0000-0000-000000000000', '90c568fe-7d8b-4411-8027-581f5b1fdece', '{"action":"user_signedup","actor_id":"00000000-0000-0000-0000-000000000000","actor_username":"service_role","actor_via_sso":false,"log_type":"team","traits":{"user_email":"test1@com","user_id":"5c91a4ca-d895-4378-89e1-1bffc2e079aa","user_phone":""}}', '2023-11-18 01:02:00.376768+00', ''),
	('00000000-0000-0000-0000-000000000000', '888c6ca2-c9c4-4f02-ae75-fd4970bfecad', '{"action":"user_modified","actor_id":"00000000-0000-0000-0000-000000000000","actor_username":"service_role","actor_via_sso":false,"log_type":"user","traits":{"user_email":"test1@hoge.com","user_id":"5c91a4ca-d895-4378-89e1-1bffc2e079aa","user_phone":""}}', '2023-11-18 01:02:25.73706+00', ''),
	('00000000-0000-0000-0000-000000000000', 'b54d7bdd-894a-4dd2-a4ee-895f120165dc', '{"action":"user_signedup","actor_id":"00000000-0000-0000-0000-000000000000","actor_username":"service_role","actor_via_sso":false,"log_type":"team","traits":{"user_email":"hgoehoge@hoge.com","user_id":"9a395059-cc19-495f-aa4e-ea56666abbf7","user_phone":""}}', '2023-11-20 00:47:42.086977+00', ''),
	('00000000-0000-0000-0000-000000000000', '83ed749f-0050-46de-b838-1c4d0be8e50b', '{"action":"user_modified","actor_id":"00000000-0000-0000-0000-000000000000","actor_username":"service_role","actor_via_sso":false,"log_type":"user","traits":{"user_email":"hgoehoge@hoge.com","user_id":"9a395059-cc19-495f-aa4e-ea56666abbf7","user_phone":""}}', '2023-11-20 06:58:30.095191+00', ''),
	('00000000-0000-0000-0000-000000000000', '327fad8f-0b38-4567-b035-8168ae347e1e', '{"action":"user_signedup","actor_id":"00000000-0000-0000-0000-000000000000","actor_username":"service_role","actor_via_sso":false,"log_type":"team","traits":{"user_email":"logintest@com","user_id":"aa450975-1123-4f0a-b26d-ee8f4c1c6a8f","user_phone":""}}', '2023-11-20 07:29:03.222089+00', ''),
	('00000000-0000-0000-0000-000000000000', '3a46f6fb-88a2-4950-a0c3-f705dbc4d1bf', '{"action":"user_modified","actor_id":"00000000-0000-0000-0000-000000000000","actor_username":"service_role","actor_via_sso":false,"log_type":"user","traits":{"user_email":"hoge@com","user_id":"f430fcee-7405-445b-8fb8-bd49375a8e92","user_phone":""}}', '2023-11-20 07:53:54.942213+00', ''),
	('00000000-0000-0000-0000-000000000000', 'd1d1339c-f73c-4fd4-a7c1-f0a2def6c65b', '{"action":"user_modified","actor_id":"00000000-0000-0000-0000-000000000000","actor_username":"service_role","actor_via_sso":false,"log_type":"user","traits":{"user_email":"hoge@com","user_id":"f430fcee-7405-445b-8fb8-bd49375a8e92","user_phone":""}}', '2023-11-20 07:55:03.731307+00', ''),
	('00000000-0000-0000-0000-000000000000', '9f856506-90ce-4cd6-bffb-d16e35ea2266', '{"action":"login","actor_id":"f430fcee-7405-445b-8fb8-bd49375a8e92","actor_username":"hoge@com","actor_via_sso":false,"log_type":"account","traits":{"provider":"email"}}', '2023-11-20 08:00:44.464441+00', ''),
	('00000000-0000-0000-0000-000000000000', 'c7b944a5-2028-4bcd-8cf2-f752eeca421d', '{"action":"logout","actor_id":"f430fcee-7405-445b-8fb8-bd49375a8e92","actor_username":"hoge@com","actor_via_sso":false,"log_type":"account"}', '2023-11-20 08:01:46.312223+00', ''),
	('00000000-0000-0000-0000-000000000000', 'dd4b8737-1c72-433d-b642-a3204e5912de', '{"action":"login","actor_id":"f430fcee-7405-445b-8fb8-bd49375a8e92","actor_username":"hoge@com","actor_via_sso":false,"log_type":"account","traits":{"provider":"email"}}', '2023-11-20 08:01:49.611285+00', ''),
	('00000000-0000-0000-0000-000000000000', 'd58cabcb-f1fa-42c5-b112-4db5ad25e943', '{"action":"logout","actor_id":"f430fcee-7405-445b-8fb8-bd49375a8e92","actor_username":"hoge@com","actor_via_sso":false,"log_type":"account"}', '2023-11-20 08:01:59.59234+00', ''),
	('00000000-0000-0000-0000-000000000000', 'f2067520-cddb-44d9-88fe-b6a70bc8d3b0', '{"action":"login","actor_id":"f430fcee-7405-445b-8fb8-bd49375a8e92","actor_username":"hoge@com","actor_via_sso":false,"log_type":"account","traits":{"provider":"email"}}', '2023-11-20 08:02:13.535502+00', ''),
	('00000000-0000-0000-0000-000000000000', 'e8617662-8065-4aa6-b035-d0624d2f19dc', '{"action":"login","actor_id":"f430fcee-7405-445b-8fb8-bd49375a8e92","actor_username":"hoge@com","actor_via_sso":false,"log_type":"account","traits":{"provider":"email"}}', '2023-11-20 08:02:27.936109+00', ''),
	('00000000-0000-0000-0000-000000000000', '3433da81-9bff-43ca-b129-a00ee0a7a2a4', '{"action":"login","actor_id":"f430fcee-7405-445b-8fb8-bd49375a8e92","actor_username":"hoge@com","actor_via_sso":false,"log_type":"account","traits":{"provider":"email"}}', '2023-11-20 08:02:30.809723+00', ''),
	('00000000-0000-0000-0000-000000000000', '2acc910e-dace-4d89-96be-d074aa03bedd', '{"action":"login","actor_id":"f430fcee-7405-445b-8fb8-bd49375a8e92","actor_username":"hoge@com","actor_via_sso":false,"log_type":"account","traits":{"provider":"email"}}', '2023-11-20 08:02:31.570827+00', ''),
	('00000000-0000-0000-0000-000000000000', 'e417cd3d-bf32-43c1-ae16-93d6eed2865f', '{"action":"login","actor_id":"f430fcee-7405-445b-8fb8-bd49375a8e92","actor_username":"hoge@com","actor_via_sso":false,"log_type":"account","traits":{"provider":"email"}}', '2023-11-20 08:02:32.780098+00', ''),
	('00000000-0000-0000-0000-000000000000', '4e671962-3949-40fe-b6e0-1fd7ad678c2e', '{"action":"login","actor_id":"f430fcee-7405-445b-8fb8-bd49375a8e92","actor_username":"hoge@com","actor_via_sso":false,"log_type":"account","traits":{"provider":"email"}}', '2023-11-20 08:02:34.915456+00', ''),
	('00000000-0000-0000-0000-000000000000', '0d1ff655-6893-435e-9079-ae901e8fbace', '{"action":"login","actor_id":"f430fcee-7405-445b-8fb8-bd49375a8e92","actor_username":"hoge@com","actor_via_sso":false,"log_type":"account","traits":{"provider":"email"}}', '2023-11-20 08:02:36.761615+00', ''),
	('00000000-0000-0000-0000-000000000000', '864600bd-6bd8-424e-9ea7-c74fe46e062f', '{"action":"login","actor_id":"f430fcee-7405-445b-8fb8-bd49375a8e92","actor_username":"hoge@com","actor_via_sso":false,"log_type":"account","traits":{"provider":"email"}}', '2023-11-20 08:02:37.769019+00', ''),
	('00000000-0000-0000-0000-000000000000', '268e7ff6-ff6a-4c68-a759-9e77f9421473', '{"action":"logout","actor_id":"f430fcee-7405-445b-8fb8-bd49375a8e92","actor_username":"hoge@com","actor_via_sso":false,"log_type":"account"}', '2023-11-20 08:02:40.507344+00', ''),
	('00000000-0000-0000-0000-000000000000', 'd06a776c-b27d-4980-9638-cc533d1a6f0a', '{"action":"login","actor_id":"f430fcee-7405-445b-8fb8-bd49375a8e92","actor_username":"hoge@com","actor_via_sso":false,"log_type":"account","traits":{"provider":"email"}}', '2023-11-20 08:02:41.913106+00', ''),
	('00000000-0000-0000-0000-000000000000', 'be87a236-982f-4765-a3d4-c8792351a1dc', '{"action":"login","actor_id":"f430fcee-7405-445b-8fb8-bd49375a8e92","actor_username":"hoge@com","actor_via_sso":false,"log_type":"account","traits":{"provider":"email"}}', '2023-11-20 08:03:57.056164+00', ''),
	('00000000-0000-0000-0000-000000000000', '873d331e-45e8-4d2a-a894-d328444134c3', '{"action":"logout","actor_id":"f430fcee-7405-445b-8fb8-bd49375a8e92","actor_username":"hoge@com","actor_via_sso":false,"log_type":"account"}', '2023-11-20 08:04:04.416153+00', ''),
	('00000000-0000-0000-0000-000000000000', 'bc485c65-e8d1-472f-8bdd-0a0c46d2d43b', '{"action":"login","actor_id":"f430fcee-7405-445b-8fb8-bd49375a8e92","actor_username":"hoge@com","actor_via_sso":false,"log_type":"account","traits":{"provider":"email"}}', '2023-11-20 08:08:33.200707+00', ''),
	('00000000-0000-0000-0000-000000000000', '1f5f460b-27cc-4ac7-a00a-9b7d61723f4c', '{"action":"logout","actor_id":"f430fcee-7405-445b-8fb8-bd49375a8e92","actor_username":"hoge@com","actor_via_sso":false,"log_type":"account"}', '2023-11-20 08:20:16.345633+00', ''),
	('00000000-0000-0000-0000-000000000000', 'a8e88091-57e4-44ef-a47c-94d4f8efed08', '{"action":"login","actor_id":"f430fcee-7405-445b-8fb8-bd49375a8e92","actor_username":"hoge@com","actor_via_sso":false,"log_type":"account","traits":{"provider":"email"}}', '2023-11-20 08:20:23.852357+00', ''),
	('00000000-0000-0000-0000-000000000000', '105fd783-4dec-4b9f-a45e-76036d0b2edc', '{"action":"logout","actor_id":"f430fcee-7405-445b-8fb8-bd49375a8e92","actor_username":"hoge@com","actor_via_sso":false,"log_type":"account"}', '2023-11-20 08:22:55.148663+00', ''),
	('00000000-0000-0000-0000-000000000000', 'd71fffa2-9c4f-4f37-b450-c9b9a2cc1350', '{"action":"login","actor_id":"f430fcee-7405-445b-8fb8-bd49375a8e92","actor_username":"hoge@com","actor_via_sso":false,"log_type":"account","traits":{"provider":"email"}}', '2023-11-20 08:29:05.395197+00', ''),
	('00000000-0000-0000-0000-000000000000', '0897b792-63b9-467c-9d2e-77d4c1f82a67', '{"action":"login","actor_id":"f430fcee-7405-445b-8fb8-bd49375a8e92","actor_username":"hoge@com","actor_via_sso":false,"log_type":"account","traits":{"provider":"email"}}', '2023-11-20 08:31:53.772973+00', ''),
	('00000000-0000-0000-0000-000000000000', 'e6ca48cc-3712-4d96-a82b-79e17e0795e9', '{"action":"logout","actor_id":"f430fcee-7405-445b-8fb8-bd49375a8e92","actor_username":"hoge@com","actor_via_sso":false,"log_type":"account"}', '2023-11-20 08:32:13.265608+00', ''),
	('00000000-0000-0000-0000-000000000000', '782324ca-433e-4eea-9c9b-75c4a854c8e5', '{"action":"login","actor_id":"f430fcee-7405-445b-8fb8-bd49375a8e92","actor_username":"hoge@com","actor_via_sso":false,"log_type":"account","traits":{"provider":"email"}}', '2023-11-20 08:32:41.479648+00', ''),
	('00000000-0000-0000-0000-000000000000', '8bf3b367-2273-4b33-94bf-b380e77a1bb3', '{"action":"login","actor_id":"f430fcee-7405-445b-8fb8-bd49375a8e92","actor_username":"hoge@com","actor_via_sso":false,"log_type":"account","traits":{"provider":"email"}}', '2023-11-20 08:33:08.766562+00', ''),
	('00000000-0000-0000-0000-000000000000', '6ee34c3c-e2e0-40ec-a755-46d502f04638', '{"action":"logout","actor_id":"f430fcee-7405-445b-8fb8-bd49375a8e92","actor_username":"hoge@com","actor_via_sso":false,"log_type":"account"}', '2023-11-20 08:33:36.582952+00', ''),
	('00000000-0000-0000-0000-000000000000', '4322a9d8-d7c8-4f3c-81cc-57a4535e54b5', '{"action":"login","actor_id":"f430fcee-7405-445b-8fb8-bd49375a8e92","actor_username":"hoge@com","actor_via_sso":false,"log_type":"account","traits":{"provider":"email"}}', '2023-11-21 00:41:43.41023+00', ''),
	('00000000-0000-0000-0000-000000000000', '507b1b56-d173-4fc6-8293-af369d593150', '{"action":"login","actor_id":"f430fcee-7405-445b-8fb8-bd49375a8e92","actor_username":"hoge@com","actor_via_sso":false,"log_type":"account","traits":{"provider":"email"}}', '2023-11-21 00:42:34.107448+00', ''),
	('00000000-0000-0000-0000-000000000000', '14e4552b-dab7-49d5-9a00-e2f3c69f6e12', '{"action":"login","actor_id":"f430fcee-7405-445b-8fb8-bd49375a8e92","actor_username":"hoge@com","actor_via_sso":false,"log_type":"account","traits":{"provider":"email"}}', '2023-11-21 00:44:13.642801+00', ''),
	('00000000-0000-0000-0000-000000000000', '99ab9d3b-daea-4f06-aff6-4d47a9a6ad88', '{"action":"login","actor_id":"f430fcee-7405-445b-8fb8-bd49375a8e92","actor_username":"hoge@com","actor_via_sso":false,"log_type":"account","traits":{"provider":"email"}}', '2023-11-21 00:48:02.718586+00', ''),
	('00000000-0000-0000-0000-000000000000', '8afc97d2-350f-473a-a4ec-f4bcee804683', '{"action":"login","actor_id":"f430fcee-7405-445b-8fb8-bd49375a8e92","actor_username":"hoge@com","actor_via_sso":false,"log_type":"account","traits":{"provider":"email"}}', '2023-11-21 00:48:10.503847+00', ''),
	('00000000-0000-0000-0000-000000000000', 'c24347c2-26db-4835-b722-b1e2ba3661a0', '{"action":"logout","actor_id":"f430fcee-7405-445b-8fb8-bd49375a8e92","actor_username":"hoge@com","actor_via_sso":false,"log_type":"account"}', '2023-11-21 01:29:19.363886+00', ''),
	('00000000-0000-0000-0000-000000000000', '04de0d24-7798-403e-932d-bc217afffb8b', '{"action":"login","actor_id":"f430fcee-7405-445b-8fb8-bd49375a8e92","actor_username":"hoge@com","actor_via_sso":false,"log_type":"account","traits":{"provider":"email"}}', '2023-11-21 01:30:55.232765+00', ''),
	('00000000-0000-0000-0000-000000000000', '7cfa4e1b-5f0f-47dc-8b9c-97367c17d483', '{"action":"login","actor_id":"f430fcee-7405-445b-8fb8-bd49375a8e92","actor_username":"hoge@com","actor_via_sso":false,"log_type":"account","traits":{"provider":"email"}}', '2023-11-21 01:34:08.706852+00', ''),
	('00000000-0000-0000-0000-000000000000', '8a6a9dfc-c0fc-4dcb-95b9-8f1d905ccf60', '{"action":"logout","actor_id":"f430fcee-7405-445b-8fb8-bd49375a8e92","actor_username":"hoge@com","actor_via_sso":false,"log_type":"account"}', '2023-11-21 02:00:51.414596+00', ''),
	('00000000-0000-0000-0000-000000000000', 'e5c40b34-73f7-48b2-a8f0-d314f20bf368', '{"action":"login","actor_id":"f430fcee-7405-445b-8fb8-bd49375a8e92","actor_username":"hoge@com","actor_via_sso":false,"log_type":"account","traits":{"provider":"email"}}', '2023-11-21 02:03:16.015299+00', ''),
	('00000000-0000-0000-0000-000000000000', '321dfdc1-ed9a-4dd7-8b75-69e9755f9182', '{"action":"logout","actor_id":"f430fcee-7405-445b-8fb8-bd49375a8e92","actor_username":"hoge@com","actor_via_sso":false,"log_type":"account"}', '2023-11-21 02:04:30.851709+00', ''),
	('00000000-0000-0000-0000-000000000000', 'a127ece9-8db2-4d98-af2a-0cc537571e8f', '{"action":"login","actor_id":"f430fcee-7405-445b-8fb8-bd49375a8e92","actor_username":"hoge@com","actor_via_sso":false,"log_type":"account","traits":{"provider":"email"}}', '2023-11-21 02:07:46.386875+00', ''),
	('00000000-0000-0000-0000-000000000000', 'e6d6f668-4bda-4f75-a01b-d089cc198dfe', '{"action":"login","actor_id":"f430fcee-7405-445b-8fb8-bd49375a8e92","actor_username":"hoge@com","actor_via_sso":false,"log_type":"account","traits":{"provider":"email"}}', '2023-11-21 02:09:38.229451+00', ''),
	('00000000-0000-0000-0000-000000000000', '4dd93df6-443d-4772-84f0-80180c20e621', '{"action":"login","actor_id":"f430fcee-7405-445b-8fb8-bd49375a8e92","actor_username":"hoge@com","actor_via_sso":false,"log_type":"account","traits":{"provider":"email"}}', '2023-11-21 02:30:51.179256+00', ''),
	('00000000-0000-0000-0000-000000000000', 'db8f2c15-50e9-4d8d-ae1e-82c9a2fe67f2', '{"action":"login","actor_id":"f430fcee-7405-445b-8fb8-bd49375a8e92","actor_username":"hoge@com","actor_via_sso":false,"log_type":"account","traits":{"provider":"email"}}', '2023-11-21 02:31:23.66183+00', ''),
	('00000000-0000-0000-0000-000000000000', '925eb311-80ab-420c-b224-1ab9f128a6ba', '{"action":"login","actor_id":"f430fcee-7405-445b-8fb8-bd49375a8e92","actor_username":"hoge@com","actor_via_sso":false,"log_type":"account","traits":{"provider":"email"}}', '2023-11-21 02:32:06.31299+00', ''),
	('00000000-0000-0000-0000-000000000000', '83c54444-b309-4f1c-82ad-7e2fb090f846', '{"action":"login","actor_id":"f430fcee-7405-445b-8fb8-bd49375a8e92","actor_username":"hoge@com","actor_via_sso":false,"log_type":"account","traits":{"provider":"email"}}', '2023-11-21 02:32:41.591759+00', ''),
	('00000000-0000-0000-0000-000000000000', '1eab183c-bf73-490d-8426-c424ad9905d9', '{"action":"login","actor_id":"f430fcee-7405-445b-8fb8-bd49375a8e92","actor_username":"hoge@com","actor_via_sso":false,"log_type":"account","traits":{"provider":"email"}}', '2023-11-21 02:33:20.710502+00', ''),
	('00000000-0000-0000-0000-000000000000', '3cb7074b-ea2e-4730-8485-e50edce97ca4', '{"action":"login","actor_id":"f430fcee-7405-445b-8fb8-bd49375a8e92","actor_username":"hoge@com","actor_via_sso":false,"log_type":"account","traits":{"provider":"email"}}', '2023-11-21 02:34:00.271848+00', ''),
	('00000000-0000-0000-0000-000000000000', '3fa21f91-d3d5-45e2-9276-4f032f23a350', '{"action":"login","actor_id":"f430fcee-7405-445b-8fb8-bd49375a8e92","actor_username":"hoge@com","actor_via_sso":false,"log_type":"account","traits":{"provider":"email"}}', '2023-11-21 02:34:13.35816+00', ''),
	('00000000-0000-0000-0000-000000000000', '66854e02-be28-46b7-b6f1-e4e087be18cb', '{"action":"login","actor_id":"f430fcee-7405-445b-8fb8-bd49375a8e92","actor_username":"hoge@com","actor_via_sso":false,"log_type":"account","traits":{"provider":"email"}}', '2023-11-21 02:34:53.336789+00', ''),
	('00000000-0000-0000-0000-000000000000', '9b69e7a5-4951-48cb-b2e0-bf15b47359c8', '{"action":"login","actor_id":"f430fcee-7405-445b-8fb8-bd49375a8e92","actor_username":"hoge@com","actor_via_sso":false,"log_type":"account","traits":{"provider":"email"}}', '2023-11-21 02:35:20.223358+00', ''),
	('00000000-0000-0000-0000-000000000000', 'fd9e814a-574e-4df0-b65a-b6adda2eb289', '{"action":"login","actor_id":"f430fcee-7405-445b-8fb8-bd49375a8e92","actor_username":"hoge@com","actor_via_sso":false,"log_type":"account","traits":{"provider":"email"}}', '2023-11-21 02:35:44.862252+00', ''),
	('00000000-0000-0000-0000-000000000000', '6ee23471-87e6-483b-a7cb-d7eb9c89fcf5', '{"action":"login","actor_id":"f430fcee-7405-445b-8fb8-bd49375a8e92","actor_username":"hoge@com","actor_via_sso":false,"log_type":"account","traits":{"provider":"email"}}', '2023-11-21 02:38:33.158398+00', ''),
	('00000000-0000-0000-0000-000000000000', '0db26132-dc35-4321-8689-18184fe10fa8', '{"action":"login","actor_id":"f430fcee-7405-445b-8fb8-bd49375a8e92","actor_username":"hoge@com","actor_via_sso":false,"log_type":"account","traits":{"provider":"email"}}', '2023-11-21 02:42:04.448976+00', ''),
	('00000000-0000-0000-0000-000000000000', '1a16e5e9-1df5-442a-b8a9-03527896f665', '{"action":"logout","actor_id":"f430fcee-7405-445b-8fb8-bd49375a8e92","actor_username":"hoge@com","actor_via_sso":false,"log_type":"account"}', '2023-11-21 02:42:08.356186+00', ''),
	('00000000-0000-0000-0000-000000000000', '8dea09ad-5afb-48bc-a27d-b89895c26a5c', '{"action":"login","actor_id":"f430fcee-7405-445b-8fb8-bd49375a8e92","actor_username":"hoge@com","actor_via_sso":false,"log_type":"account","traits":{"provider":"email"}}', '2023-11-21 02:46:03.373041+00', ''),
	('00000000-0000-0000-0000-000000000000', '6b565506-548c-445b-8ef9-5cd426f1d74c', '{"action":"token_refreshed","actor_id":"f430fcee-7405-445b-8fb8-bd49375a8e92","actor_username":"hoge@com","actor_via_sso":false,"log_type":"token"}', '2023-11-21 03:53:19.060985+00', ''),
	('00000000-0000-0000-0000-000000000000', 'd06016b8-69bc-4177-81e9-a86106fe06f3', '{"action":"token_revoked","actor_id":"f430fcee-7405-445b-8fb8-bd49375a8e92","actor_username":"hoge@com","actor_via_sso":false,"log_type":"token"}', '2023-11-21 03:53:19.06249+00', ''),
	('00000000-0000-0000-0000-000000000000', 'eb175df1-7639-409c-b577-f4a8f3063a96', '{"action":"logout","actor_id":"f430fcee-7405-445b-8fb8-bd49375a8e92","actor_username":"hoge@com","actor_via_sso":false,"log_type":"account"}', '2023-11-21 03:53:19.075071+00', ''),
	('00000000-0000-0000-0000-000000000000', '15d52520-41b8-4e6c-b91b-8407fe0b802d', '{"action":"login","actor_id":"f430fcee-7405-445b-8fb8-bd49375a8e92","actor_username":"hoge@com","actor_via_sso":false,"log_type":"account","traits":{"provider":"email"}}', '2023-11-21 03:54:04.266031+00', ''),
	('00000000-0000-0000-0000-000000000000', '32321457-003a-4df9-987a-099e674e28a3', '{"action":"login","actor_id":"f430fcee-7405-445b-8fb8-bd49375a8e92","actor_username":"hoge@com","actor_via_sso":false,"log_type":"account","traits":{"provider":"email"}}', '2023-11-21 04:06:05.917678+00', ''),
	('00000000-0000-0000-0000-000000000000', '643b83d2-28cd-4085-9439-8d877ac8b080', '{"action":"login","actor_id":"f430fcee-7405-445b-8fb8-bd49375a8e92","actor_username":"hoge@com","actor_via_sso":false,"log_type":"account","traits":{"provider":"email"}}', '2023-11-21 04:06:21.681623+00', ''),
	('00000000-0000-0000-0000-000000000000', '67088e3c-10c2-4cf0-a636-d5e6872a2359', '{"action":"login","actor_id":"f430fcee-7405-445b-8fb8-bd49375a8e92","actor_username":"hoge@com","actor_via_sso":false,"log_type":"account","traits":{"provider":"email"}}', '2023-11-21 04:11:05.268599+00', ''),
	('00000000-0000-0000-0000-000000000000', '74567df9-9a2b-44ad-aeca-2b5679cad2b1', '{"action":"login","actor_id":"f430fcee-7405-445b-8fb8-bd49375a8e92","actor_username":"hoge@com","actor_via_sso":false,"log_type":"account","traits":{"provider":"email"}}', '2023-11-21 04:11:53.642645+00', ''),
	('00000000-0000-0000-0000-000000000000', '0ccd0bf2-d59d-4b02-aa82-9926024a0838', '{"action":"login","actor_id":"f430fcee-7405-445b-8fb8-bd49375a8e92","actor_username":"hoge@com","actor_via_sso":false,"log_type":"account","traits":{"provider":"email"}}', '2023-11-21 04:12:40.252935+00', ''),
	('00000000-0000-0000-0000-000000000000', 'e525cf78-3384-4599-9ca3-3f00a5ac9957', '{"action":"login","actor_id":"f430fcee-7405-445b-8fb8-bd49375a8e92","actor_username":"hoge@com","actor_via_sso":false,"log_type":"account","traits":{"provider":"email"}}', '2023-11-21 04:13:01.453246+00', ''),
	('00000000-0000-0000-0000-000000000000', '11642f08-2721-4ddf-8e01-6d9f51b10bb4', '{"action":"login","actor_id":"f430fcee-7405-445b-8fb8-bd49375a8e92","actor_username":"hoge@com","actor_via_sso":false,"log_type":"account","traits":{"provider":"email"}}', '2023-11-21 04:13:31.656371+00', ''),
	('00000000-0000-0000-0000-000000000000', '59fb858c-0df7-4d18-b59a-91cb3cc27a7a', '{"action":"login","actor_id":"f430fcee-7405-445b-8fb8-bd49375a8e92","actor_username":"hoge@com","actor_via_sso":false,"log_type":"account","traits":{"provider":"email"}}', '2023-11-21 04:14:07.787048+00', ''),
	('00000000-0000-0000-0000-000000000000', 'd737fb44-317c-4888-8007-0489760691e0', '{"action":"login","actor_id":"f430fcee-7405-445b-8fb8-bd49375a8e92","actor_username":"hoge@com","actor_via_sso":false,"log_type":"account","traits":{"provider":"email"}}', '2023-11-21 04:14:58.696015+00', ''),
	('00000000-0000-0000-0000-000000000000', '8f2d297d-aada-49fd-95c2-3e48d3190c38', '{"action":"login","actor_id":"f430fcee-7405-445b-8fb8-bd49375a8e92","actor_username":"hoge@com","actor_via_sso":false,"log_type":"account","traits":{"provider":"email"}}', '2023-11-21 04:16:56.541782+00', ''),
	('00000000-0000-0000-0000-000000000000', 'b8ba52c1-f3cc-4052-877f-e2c95a773c9b', '{"action":"login","actor_id":"f430fcee-7405-445b-8fb8-bd49375a8e92","actor_username":"hoge@com","actor_via_sso":false,"log_type":"account","traits":{"provider":"email"}}', '2023-11-21 04:17:26.019616+00', ''),
	('00000000-0000-0000-0000-000000000000', '028d3311-7db0-4b74-bf85-31aa434e9c56', '{"action":"login","actor_id":"f430fcee-7405-445b-8fb8-bd49375a8e92","actor_username":"hoge@com","actor_via_sso":false,"log_type":"account","traits":{"provider":"email"}}', '2023-11-21 04:17:27.467142+00', ''),
	('00000000-0000-0000-0000-000000000000', 'bd50029a-75c6-4c5a-876c-af1e1b26e5e4', '{"action":"login","actor_id":"f430fcee-7405-445b-8fb8-bd49375a8e92","actor_username":"hoge@com","actor_via_sso":false,"log_type":"account","traits":{"provider":"email"}}', '2023-11-21 04:17:57.175698+00', ''),
	('00000000-0000-0000-0000-000000000000', '00a9e4a9-1e78-4de4-a48d-4910010860ea', '{"action":"login","actor_id":"f430fcee-7405-445b-8fb8-bd49375a8e92","actor_username":"hoge@com","actor_via_sso":false,"log_type":"account","traits":{"provider":"email"}}', '2023-11-21 04:18:29.226865+00', ''),
	('00000000-0000-0000-0000-000000000000', '1c1889c8-2256-4e90-9b59-461e8f018d8c', '{"action":"login","actor_id":"f430fcee-7405-445b-8fb8-bd49375a8e92","actor_username":"hoge@com","actor_via_sso":false,"log_type":"account","traits":{"provider":"email"}}', '2023-11-21 04:18:51.282807+00', ''),
	('00000000-0000-0000-0000-000000000000', '10fef593-4820-45a6-8b07-654530204d32', '{"action":"token_refreshed","actor_id":"f430fcee-7405-445b-8fb8-bd49375a8e92","actor_username":"hoge@com","actor_via_sso":false,"log_type":"token"}', '2023-11-21 05:39:39.153261+00', ''),
	('00000000-0000-0000-0000-000000000000', '2699bf2e-f990-4285-813c-621195ec99d5', '{"action":"token_revoked","actor_id":"f430fcee-7405-445b-8fb8-bd49375a8e92","actor_username":"hoge@com","actor_via_sso":false,"log_type":"token"}', '2023-11-21 05:39:39.153842+00', ''),
	('00000000-0000-0000-0000-000000000000', '34b8599d-2f92-4c7a-89a9-b2b0ce9eb9cb', '{"action":"login","actor_id":"f430fcee-7405-445b-8fb8-bd49375a8e92","actor_username":"hoge@com","actor_via_sso":false,"log_type":"account","traits":{"provider":"email"}}', '2023-11-21 05:40:04.365168+00', ''),
	('00000000-0000-0000-0000-000000000000', '20f7c419-4f1f-471c-b06a-09ac196b7204', '{"action":"login","actor_id":"f430fcee-7405-445b-8fb8-bd49375a8e92","actor_username":"hoge@com","actor_via_sso":false,"log_type":"account","traits":{"provider":"email"}}', '2023-11-21 05:42:36.273835+00', ''),
	('00000000-0000-0000-0000-000000000000', '02b307d1-91c2-435a-a37a-07891733f766', '{"action":"login","actor_id":"f430fcee-7405-445b-8fb8-bd49375a8e92","actor_username":"hoge@com","actor_via_sso":false,"log_type":"account","traits":{"provider":"email"}}', '2023-11-21 07:12:46.444673+00', ''),
	('00000000-0000-0000-0000-000000000000', '7d8b7a3e-2941-4a9f-b5bd-9ba60ab2aa99', '{"action":"login","actor_id":"f430fcee-7405-445b-8fb8-bd49375a8e92","actor_username":"hoge@com","actor_via_sso":false,"log_type":"account","traits":{"provider":"email"}}', '2023-11-21 07:15:07.509368+00', ''),
	('00000000-0000-0000-0000-000000000000', '3076f9fb-486b-45b2-b45f-71f93d080281', '{"action":"login","actor_id":"f430fcee-7405-445b-8fb8-bd49375a8e92","actor_username":"hoge@com","actor_via_sso":false,"log_type":"account","traits":{"provider":"email"}}', '2023-11-21 07:16:01.335036+00', ''),
	('00000000-0000-0000-0000-000000000000', '00f29f4a-08fa-48ea-9c25-a03e7e38e2ea', '{"action":"login","actor_id":"f430fcee-7405-445b-8fb8-bd49375a8e92","actor_username":"hoge@com","actor_via_sso":false,"log_type":"account","traits":{"provider":"email"}}', '2023-11-21 07:16:17.190491+00', ''),
	('00000000-0000-0000-0000-000000000000', '4d76ef81-957b-488f-95df-10eaf32d3d2a', '{"action":"login","actor_id":"f430fcee-7405-445b-8fb8-bd49375a8e92","actor_username":"hoge@com","actor_via_sso":false,"log_type":"account","traits":{"provider":"email"}}', '2023-11-21 07:16:47.654117+00', ''),
	('00000000-0000-0000-0000-000000000000', 'dda3c311-5cae-4a71-8284-a48616f5e55b', '{"action":"login","actor_id":"f430fcee-7405-445b-8fb8-bd49375a8e92","actor_username":"hoge@com","actor_via_sso":false,"log_type":"account","traits":{"provider":"email"}}', '2023-11-21 07:21:09.147033+00', ''),
	('00000000-0000-0000-0000-000000000000', '1a5e85a5-9953-4846-bfbc-af79ccfa6e33', '{"action":"login","actor_id":"f430fcee-7405-445b-8fb8-bd49375a8e92","actor_username":"hoge@com","actor_via_sso":false,"log_type":"account","traits":{"provider":"email"}}', '2023-11-21 07:21:21.822763+00', ''),
	('00000000-0000-0000-0000-000000000000', 'bebfa321-7de7-4139-bffe-c57ea99be52a', '{"action":"login","actor_id":"f430fcee-7405-445b-8fb8-bd49375a8e92","actor_username":"hoge@com","actor_via_sso":false,"log_type":"account","traits":{"provider":"email"}}', '2023-11-21 07:24:18.842299+00', ''),
	('00000000-0000-0000-0000-000000000000', '9c865a30-d039-4425-8d21-dcbced0883a8', '{"action":"login","actor_id":"f430fcee-7405-445b-8fb8-bd49375a8e92","actor_username":"hoge@com","actor_via_sso":false,"log_type":"account","traits":{"provider":"email"}}', '2023-11-21 07:24:32.988282+00', ''),
	('00000000-0000-0000-0000-000000000000', 'fdbc5bb7-95f7-4778-9af4-099178030c00', '{"action":"login","actor_id":"f430fcee-7405-445b-8fb8-bd49375a8e92","actor_username":"hoge@com","actor_via_sso":false,"log_type":"account","traits":{"provider":"email"}}', '2023-11-21 07:24:42.40177+00', ''),
	('00000000-0000-0000-0000-000000000000', 'b0b9545f-e984-4dc1-97ac-8a4effcc9ab5', '{"action":"login","actor_id":"f430fcee-7405-445b-8fb8-bd49375a8e92","actor_username":"hoge@com","actor_via_sso":false,"log_type":"account","traits":{"provider":"email"}}', '2023-11-21 07:27:07.941794+00', ''),
	('00000000-0000-0000-0000-000000000000', 'ab6fa965-61d5-4d51-bb3d-9af1f0c07636', '{"action":"login","actor_id":"f430fcee-7405-445b-8fb8-bd49375a8e92","actor_username":"hoge@com","actor_via_sso":false,"log_type":"account","traits":{"provider":"email"}}', '2023-11-21 07:41:44.38484+00', ''),
	('00000000-0000-0000-0000-000000000000', '8cef9919-114a-4fc1-89cc-d0b325fd9b19', '{"action":"login","actor_id":"f430fcee-7405-445b-8fb8-bd49375a8e92","actor_username":"hoge@com","actor_via_sso":false,"log_type":"account","traits":{"provider":"email"}}', '2023-11-21 07:42:13.242853+00', ''),
	('00000000-0000-0000-0000-000000000000', 'ea5684e9-cf16-4026-a1d2-be325f88e598', '{"action":"login","actor_id":"f430fcee-7405-445b-8fb8-bd49375a8e92","actor_username":"hoge@com","actor_via_sso":false,"log_type":"account","traits":{"provider":"email"}}', '2023-11-21 07:43:23.085837+00', ''),
	('00000000-0000-0000-0000-000000000000', '919ba0cb-d278-423b-af40-effc3c3d2982', '{"action":"login","actor_id":"f430fcee-7405-445b-8fb8-bd49375a8e92","actor_username":"hoge@com","actor_via_sso":false,"log_type":"account","traits":{"provider":"email"}}', '2023-11-21 07:44:54.534974+00', ''),
	('00000000-0000-0000-0000-000000000000', '3c887053-a277-4f3d-b258-59e2dfb833f8', '{"action":"login","actor_id":"f430fcee-7405-445b-8fb8-bd49375a8e92","actor_username":"hoge@com","actor_via_sso":false,"log_type":"account","traits":{"provider":"email"}}', '2023-11-21 07:44:57.477462+00', ''),
	('00000000-0000-0000-0000-000000000000', '98c7f396-41f8-46ec-830e-23ad7eda21ed', '{"action":"login","actor_id":"f430fcee-7405-445b-8fb8-bd49375a8e92","actor_username":"hoge@com","actor_via_sso":false,"log_type":"account","traits":{"provider":"email"}}', '2023-11-21 07:45:28.434852+00', ''),
	('00000000-0000-0000-0000-000000000000', '2179cec4-1381-48b2-a5fa-4bb60da0a71e', '{"action":"logout","actor_id":"f430fcee-7405-445b-8fb8-bd49375a8e92","actor_username":"hoge@com","actor_via_sso":false,"log_type":"account"}', '2023-11-21 07:46:56.937164+00', ''),
	('00000000-0000-0000-0000-000000000000', '927284df-9552-4393-b1bb-4a4c8773e5d3', '{"action":"login","actor_id":"f430fcee-7405-445b-8fb8-bd49375a8e92","actor_username":"hoge@com","actor_via_sso":false,"log_type":"account","traits":{"provider":"email"}}', '2023-11-21 08:02:06.719885+00', ''),
	('00000000-0000-0000-0000-000000000000', '434b958b-1286-47b7-9ec1-e48072da6176', '{"action":"login","actor_id":"f430fcee-7405-445b-8fb8-bd49375a8e92","actor_username":"hoge@com","actor_via_sso":false,"log_type":"account","traits":{"provider":"email"}}', '2023-11-21 08:02:20.172819+00', ''),
	('00000000-0000-0000-0000-000000000000', '186cd112-8e0e-4fe5-9418-530697d593b4', '{"action":"login","actor_id":"f430fcee-7405-445b-8fb8-bd49375a8e92","actor_username":"hoge@com","actor_via_sso":false,"log_type":"account","traits":{"provider":"email"}}', '2023-11-21 08:23:21.649312+00', ''),
	('00000000-0000-0000-0000-000000000000', '94675f0b-b993-445c-83a5-a5884941c10e', '{"action":"login","actor_id":"f430fcee-7405-445b-8fb8-bd49375a8e92","actor_username":"hoge@com","actor_via_sso":false,"log_type":"account","traits":{"provider":"email"}}', '2023-11-21 08:23:23.327356+00', ''),
	('00000000-0000-0000-0000-000000000000', 'a3632e57-4624-48bd-be23-73c7f4d7c385', '{"action":"login","actor_id":"f430fcee-7405-445b-8fb8-bd49375a8e92","actor_username":"hoge@com","actor_via_sso":false,"log_type":"account","traits":{"provider":"email"}}', '2023-11-21 08:23:23.508088+00', ''),
	('00000000-0000-0000-0000-000000000000', '4fe16ae2-d4e6-4f51-ac17-b96b9b553c95', '{"action":"login","actor_id":"f430fcee-7405-445b-8fb8-bd49375a8e92","actor_username":"hoge@com","actor_via_sso":false,"log_type":"account","traits":{"provider":"email"}}', '2023-11-21 08:23:57.969446+00', ''),
	('00000000-0000-0000-0000-000000000000', '96e8c458-70e4-44b3-b43b-0ee31bb993e0', '{"action":"login","actor_id":"f430fcee-7405-445b-8fb8-bd49375a8e92","actor_username":"hoge@com","actor_via_sso":false,"log_type":"account","traits":{"provider":"email"}}', '2023-11-21 08:24:21.976712+00', ''),
	('00000000-0000-0000-0000-000000000000', 'e71b9d2b-3919-4e17-bf14-09f6c1e12576', '{"action":"login","actor_id":"f430fcee-7405-445b-8fb8-bd49375a8e92","actor_username":"hoge@com","actor_via_sso":false,"log_type":"account","traits":{"provider":"email"}}', '2023-11-21 08:24:22.227108+00', ''),
	('00000000-0000-0000-0000-000000000000', 'a5af9400-1381-43cb-a711-7a01016ab2da', '{"action":"login","actor_id":"f430fcee-7405-445b-8fb8-bd49375a8e92","actor_username":"hoge@com","actor_via_sso":false,"log_type":"account","traits":{"provider":"email"}}', '2023-11-21 08:24:28.872566+00', ''),
	('00000000-0000-0000-0000-000000000000', 'fcdc0ce7-71a8-4850-b397-94e2114bf7f6', '{"action":"login","actor_id":"f430fcee-7405-445b-8fb8-bd49375a8e92","actor_username":"hoge@com","actor_via_sso":false,"log_type":"account","traits":{"provider":"email"}}', '2023-11-21 08:24:29.811914+00', ''),
	('00000000-0000-0000-0000-000000000000', '64c26390-bf90-4787-bec8-0571a8ef6090', '{"action":"login","actor_id":"f430fcee-7405-445b-8fb8-bd49375a8e92","actor_username":"hoge@com","actor_via_sso":false,"log_type":"account","traits":{"provider":"email"}}', '2023-11-21 08:44:54.781419+00', ''),
	('00000000-0000-0000-0000-000000000000', '5bd39c63-168e-4e1b-b727-5530333f5934', '{"action":"login","actor_id":"f430fcee-7405-445b-8fb8-bd49375a8e92","actor_username":"hoge@com","actor_via_sso":false,"log_type":"account","traits":{"provider":"email"}}', '2023-11-21 08:45:04.72732+00', ''),
	('00000000-0000-0000-0000-000000000000', '23bab3b2-d5b1-4abd-9253-d157213e7dbd', '{"action":"login","actor_id":"f430fcee-7405-445b-8fb8-bd49375a8e92","actor_username":"hoge@com","actor_via_sso":false,"log_type":"account","traits":{"provider":"email"}}', '2023-11-21 09:06:25.067398+00', ''),
	('00000000-0000-0000-0000-000000000000', 'd5cb9d4f-d69a-4214-aa9d-b876d060a932', '{"action":"logout","actor_id":"f430fcee-7405-445b-8fb8-bd49375a8e92","actor_username":"hoge@com","actor_via_sso":false,"log_type":"account"}', '2023-11-21 09:06:29.022724+00', ''),
	('00000000-0000-0000-0000-000000000000', '2df2c281-9b92-4c11-8c58-dc659d934bc6', '{"action":"login","actor_id":"f430fcee-7405-445b-8fb8-bd49375a8e92","actor_username":"hoge@com","actor_via_sso":false,"log_type":"account","traits":{"provider":"email"}}', '2023-11-21 09:11:16.703547+00', ''),
	('00000000-0000-0000-0000-000000000000', '350f25e9-bbb8-45eb-ba6d-bbe4191be1e4', '{"action":"login","actor_id":"f430fcee-7405-445b-8fb8-bd49375a8e92","actor_username":"hoge@com","actor_via_sso":false,"log_type":"account","traits":{"provider":"email"}}', '2023-11-21 09:15:03.571064+00', ''),
	('00000000-0000-0000-0000-000000000000', '2aead2a9-046d-42e4-b02b-94e1dff3ffb7', '{"action":"login","actor_id":"f430fcee-7405-445b-8fb8-bd49375a8e92","actor_username":"hoge@com","actor_via_sso":false,"log_type":"account","traits":{"provider":"email"}}', '2023-11-22 00:16:39.644964+00', ''),
	('00000000-0000-0000-0000-000000000000', 'f3be2e66-8537-4641-8b25-ff45daabc5a3', '{"action":"login","actor_id":"f430fcee-7405-445b-8fb8-bd49375a8e92","actor_username":"hoge@com","actor_via_sso":false,"log_type":"account","traits":{"provider":"email"}}', '2023-11-22 00:17:54.280605+00', ''),
	('00000000-0000-0000-0000-000000000000', 'dc104c9e-7562-4590-a1f2-292107f3ca74', '{"action":"login","actor_id":"f430fcee-7405-445b-8fb8-bd49375a8e92","actor_username":"hoge@com","actor_via_sso":false,"log_type":"account","traits":{"provider":"email"}}', '2023-11-22 00:19:11.030383+00', ''),
	('00000000-0000-0000-0000-000000000000', '97323551-8a7d-4466-bfa5-82cd1011219a', '{"action":"login","actor_id":"f430fcee-7405-445b-8fb8-bd49375a8e92","actor_username":"hoge@com","actor_via_sso":false,"log_type":"account","traits":{"provider":"email"}}', '2023-11-22 00:22:45.601503+00', ''),
	('00000000-0000-0000-0000-000000000000', '57ff3f7b-8413-498b-86e6-10992781d3f6', '{"action":"login","actor_id":"f430fcee-7405-445b-8fb8-bd49375a8e92","actor_username":"hoge@com","actor_via_sso":false,"log_type":"account","traits":{"provider":"email"}}', '2023-11-22 00:23:37.644769+00', ''),
	('00000000-0000-0000-0000-000000000000', 'a6de53c0-2a14-4a42-8bb1-0d3c66462a35', '{"action":"login","actor_id":"f430fcee-7405-445b-8fb8-bd49375a8e92","actor_username":"hoge@com","actor_via_sso":false,"log_type":"account","traits":{"provider":"email"}}', '2023-11-22 00:27:33.38404+00', ''),
	('00000000-0000-0000-0000-000000000000', '2ec13b96-9534-4cd7-a95a-42ade0849ac5', '{"action":"login","actor_id":"f430fcee-7405-445b-8fb8-bd49375a8e92","actor_username":"hoge@com","actor_via_sso":false,"log_type":"account","traits":{"provider":"email"}}', '2023-11-22 00:28:35.273505+00', ''),
	('00000000-0000-0000-0000-000000000000', 'b5cb12fc-ec7e-4d40-b18f-9de76e439c17', '{"action":"login","actor_id":"f430fcee-7405-445b-8fb8-bd49375a8e92","actor_username":"hoge@com","actor_via_sso":false,"log_type":"account","traits":{"provider":"email"}}', '2023-11-22 00:31:21.636871+00', ''),
	('00000000-0000-0000-0000-000000000000', 'b6c8cd1e-3398-45f6-91d7-e5b743077c83', '{"action":"logout","actor_id":"f430fcee-7405-445b-8fb8-bd49375a8e92","actor_username":"hoge@com","actor_via_sso":false,"log_type":"account"}', '2023-11-22 00:31:28.55171+00', ''),
	('00000000-0000-0000-0000-000000000000', '0b672ad8-bbb6-4a0b-abe6-af74a7fb1be0', '{"action":"login","actor_id":"f430fcee-7405-445b-8fb8-bd49375a8e92","actor_username":"hoge@com","actor_via_sso":false,"log_type":"account","traits":{"provider":"email"}}', '2023-11-22 00:44:48.589275+00', ''),
	('00000000-0000-0000-0000-000000000000', '7874eb5e-5aeb-45ce-89f2-40d4728531c4', '{"action":"logout","actor_id":"f430fcee-7405-445b-8fb8-bd49375a8e92","actor_username":"hoge@com","actor_via_sso":false,"log_type":"account"}', '2023-11-22 00:44:57.707714+00', ''),
	('00000000-0000-0000-0000-000000000000', 'fa608da0-1371-4738-8798-d414c4189632', '{"action":"token_refreshed","actor_id":"f430fcee-7405-445b-8fb8-bd49375a8e92","actor_username":"hoge@com","actor_via_sso":false,"log_type":"token"}', '2023-11-22 04:02:05.574195+00', ''),
	('00000000-0000-0000-0000-000000000000', 'e43ad20c-3148-4c0d-8662-400843fde1a7', '{"action":"token_revoked","actor_id":"f430fcee-7405-445b-8fb8-bd49375a8e92","actor_username":"hoge@com","actor_via_sso":false,"log_type":"token"}', '2023-11-22 04:02:05.574685+00', ''),
	('00000000-0000-0000-0000-000000000000', 'bd529b1b-562f-4750-9299-88c521d0a1ea', '{"action":"token_refreshed","actor_id":"f430fcee-7405-445b-8fb8-bd49375a8e92","actor_username":"hoge@com","actor_via_sso":false,"log_type":"token"}', '2023-11-22 04:02:05.598034+00', ''),
	('00000000-0000-0000-0000-000000000000', '79f46084-0e31-48fb-b892-c8e544c34301', '{"action":"token_revoked","actor_id":"f430fcee-7405-445b-8fb8-bd49375a8e92","actor_username":"hoge@com","actor_via_sso":false,"log_type":"token"}', '2023-11-22 04:02:05.59844+00', ''),
	('00000000-0000-0000-0000-000000000000', '8f288666-9d81-43e5-8c6c-cd944ee5e1e6', '{"action":"logout","actor_id":"f430fcee-7405-445b-8fb8-bd49375a8e92","actor_username":"hoge@com","actor_via_sso":false,"log_type":"account"}', '2023-11-22 04:02:07.872713+00', ''),
	('00000000-0000-0000-0000-000000000000', '628c885b-57ec-404c-83f9-352cde704c8e', '{"action":"login","actor_id":"f430fcee-7405-445b-8fb8-bd49375a8e92","actor_username":"hoge@com","actor_via_sso":false,"log_type":"account","traits":{"provider":"email"}}', '2023-11-22 04:06:35.785834+00', ''),
	('00000000-0000-0000-0000-000000000000', 'f9f69658-3f7d-4caf-b461-7ef56443c6c0', '{"action":"logout","actor_id":"f430fcee-7405-445b-8fb8-bd49375a8e92","actor_username":"hoge@com","actor_via_sso":false,"log_type":"account"}', '2023-11-22 04:06:52.009898+00', ''),
	('00000000-0000-0000-0000-000000000000', 'ef615348-dd0b-4e68-9086-f535973242d4', '{"action":"login","actor_id":"f430fcee-7405-445b-8fb8-bd49375a8e92","actor_username":"hoge@com","actor_via_sso":false,"log_type":"account","traits":{"provider":"email"}}', '2023-11-22 04:13:36.011666+00', ''),
	('00000000-0000-0000-0000-000000000000', 'b3e405ad-f85f-431d-a78c-9b79aa17b758', '{"action":"logout","actor_id":"f430fcee-7405-445b-8fb8-bd49375a8e92","actor_username":"hoge@com","actor_via_sso":false,"log_type":"account"}', '2023-11-22 04:14:01.822749+00', ''),
	('00000000-0000-0000-0000-000000000000', 'aaa27451-3520-4611-9770-d2892b7e8611', '{"action":"login","actor_id":"f430fcee-7405-445b-8fb8-bd49375a8e92","actor_username":"hoge@com","actor_via_sso":false,"log_type":"account","traits":{"provider":"email"}}', '2023-11-22 04:15:07.327261+00', ''),
	('00000000-0000-0000-0000-000000000000', '69cf26ff-e84d-427e-8b88-e33fa10f4b79', '{"action":"login","actor_id":"f430fcee-7405-445b-8fb8-bd49375a8e92","actor_username":"hoge@com","actor_via_sso":false,"log_type":"account","traits":{"provider":"email"}}', '2023-11-22 04:15:38.823508+00', ''),
	('00000000-0000-0000-0000-000000000000', '48118905-c476-411f-a8ce-9a275bdeaad8', '{"action":"login","actor_id":"f430fcee-7405-445b-8fb8-bd49375a8e92","actor_username":"hoge@com","actor_via_sso":false,"log_type":"account","traits":{"provider":"email"}}', '2023-11-22 04:16:13.772868+00', ''),
	('00000000-0000-0000-0000-000000000000', '49037ecd-10eb-45c3-86e6-53c375262ccb', '{"action":"login","actor_id":"f430fcee-7405-445b-8fb8-bd49375a8e92","actor_username":"hoge@com","actor_via_sso":false,"log_type":"account","traits":{"provider":"email"}}', '2023-11-22 04:16:27.436607+00', ''),
	('00000000-0000-0000-0000-000000000000', 'f5ef2363-e0cf-4ec4-8424-2dc564680a8f', '{"action":"logout","actor_id":"f430fcee-7405-445b-8fb8-bd49375a8e92","actor_username":"hoge@com","actor_via_sso":false,"log_type":"account"}', '2023-11-22 05:19:50.678168+00', ''),
	('00000000-0000-0000-0000-000000000000', '6b6a4c5a-07d5-4e41-ba23-bf739ec5adda', '{"action":"login","actor_id":"f430fcee-7405-445b-8fb8-bd49375a8e92","actor_username":"hoge@com","actor_via_sso":false,"log_type":"account","traits":{"provider":"email"}}', '2023-11-22 05:19:58.266157+00', ''),
	('00000000-0000-0000-0000-000000000000', '1f71e054-30d6-476e-9fb8-474d45567daa', '{"action":"login","actor_id":"f430fcee-7405-445b-8fb8-bd49375a8e92","actor_username":"hoge@com","actor_via_sso":false,"log_type":"account","traits":{"provider":"email"}}', '2023-11-22 01:14:30.375393+00', ''),
	('00000000-0000-0000-0000-000000000000', '51c6027f-32ed-4fa3-a9dc-afc277ef783f', '{"action":"login","actor_id":"f430fcee-7405-445b-8fb8-bd49375a8e92","actor_username":"hoge@com","actor_via_sso":false,"log_type":"account","traits":{"provider":"email"}}', '2023-11-22 01:38:21.007294+00', ''),
	('00000000-0000-0000-0000-000000000000', '4fc6a2c1-39d4-4ada-96d7-7415c338a951', '{"action":"login","actor_id":"f430fcee-7405-445b-8fb8-bd49375a8e92","actor_username":"hoge@com","actor_via_sso":false,"log_type":"account","traits":{"provider":"email"}}', '2023-11-22 01:38:39.109459+00', ''),
	('00000000-0000-0000-0000-000000000000', '11036a46-fcc8-4e2c-9b86-ab7cf22b14f0', '{"action":"login","actor_id":"f430fcee-7405-445b-8fb8-bd49375a8e92","actor_username":"hoge@com","actor_via_sso":false,"log_type":"account","traits":{"provider":"email"}}', '2023-11-22 01:40:09.059664+00', ''),
	('00000000-0000-0000-0000-000000000000', '4e20f18c-63d6-4d7e-9bc5-e5c7ddd2a080', '{"action":"token_refreshed","actor_id":"f430fcee-7405-445b-8fb8-bd49375a8e92","actor_username":"hoge@com","actor_via_sso":false,"log_type":"token"}', '2023-11-22 04:02:05.5554+00', ''),
	('00000000-0000-0000-0000-000000000000', '6d1d55c6-650f-4e8b-b089-7296f70c210a', '{"action":"token_revoked","actor_id":"f430fcee-7405-445b-8fb8-bd49375a8e92","actor_username":"hoge@com","actor_via_sso":false,"log_type":"token"}', '2023-11-22 04:02:05.556624+00', ''),
	('00000000-0000-0000-0000-000000000000', '350256ba-e184-4e8f-8c4d-2c2960b9d8ac', '{"action":"login","actor_id":"f430fcee-7405-445b-8fb8-bd49375a8e92","actor_username":"hoge@com","actor_via_sso":false,"log_type":"account","traits":{"provider":"email"}}', '2023-11-22 05:12:03.413306+00', ''),
	('00000000-0000-0000-0000-000000000000', '316c7cfa-52fc-40ca-a5ac-5c9614734f12', '{"action":"login","actor_id":"f430fcee-7405-445b-8fb8-bd49375a8e92","actor_username":"hoge@com","actor_via_sso":false,"log_type":"account","traits":{"provider":"email"}}', '2023-11-22 05:15:25.352169+00', ''),
	('00000000-0000-0000-0000-000000000000', '8b1b6e68-93d5-4ff2-a9a7-2ec41388f2cc', '{"action":"login","actor_id":"f430fcee-7405-445b-8fb8-bd49375a8e92","actor_username":"hoge@com","actor_via_sso":false,"log_type":"account","traits":{"provider":"email"}}', '2023-11-22 05:18:12.244476+00', ''),
	('00000000-0000-0000-0000-000000000000', 'd69f92f4-a5a9-47f6-90f5-6567a3b19d8c', '{"action":"token_refreshed","actor_id":"f430fcee-7405-445b-8fb8-bd49375a8e92","actor_username":"hoge@com","actor_via_sso":false,"log_type":"token"}', '2023-11-22 06:21:19.95849+00', ''),
	('00000000-0000-0000-0000-000000000000', '5f9782e7-78ea-483b-928f-5f5df4ca060f', '{"action":"token_revoked","actor_id":"f430fcee-7405-445b-8fb8-bd49375a8e92","actor_username":"hoge@com","actor_via_sso":false,"log_type":"token"}', '2023-11-22 06:21:19.959777+00', ''),
	('00000000-0000-0000-0000-000000000000', 'bb956fa0-88db-4947-8c62-2e8b67f9b500', '{"action":"token_refreshed","actor_id":"f430fcee-7405-445b-8fb8-bd49375a8e92","actor_username":"hoge@com","actor_via_sso":false,"log_type":"token"}', '2023-11-22 06:21:19.981351+00', ''),
	('00000000-0000-0000-0000-000000000000', '8a17b5dd-1292-43a7-b4c1-0cb0c5f21239', '{"action":"token_revoked","actor_id":"f430fcee-7405-445b-8fb8-bd49375a8e92","actor_username":"hoge@com","actor_via_sso":false,"log_type":"token"}', '2023-11-22 06:21:19.98185+00', ''),
	('00000000-0000-0000-0000-000000000000', 'a32737da-2af9-4fe8-83c0-beac2f5e1e96', '{"action":"login","actor_id":"f430fcee-7405-445b-8fb8-bd49375a8e92","actor_username":"hoge@com","actor_via_sso":false,"log_type":"account","traits":{"provider":"email"}}', '2023-11-22 06:35:58.073479+00', ''),
	('00000000-0000-0000-0000-000000000000', '11f01a7d-ea4d-4865-bf14-6a18a7be0414', '{"action":"logout","actor_id":"f430fcee-7405-445b-8fb8-bd49375a8e92","actor_username":"hoge@com","actor_via_sso":false,"log_type":"account"}', '2023-11-22 06:42:41.291151+00', ''),
	('00000000-0000-0000-0000-000000000000', 'bfb9637f-127e-47ce-a730-ce70dd76a836', '{"action":"login","actor_id":"f430fcee-7405-445b-8fb8-bd49375a8e92","actor_username":"hoge@com","actor_via_sso":false,"log_type":"account","traits":{"provider":"email"}}', '2023-11-22 06:46:02.585166+00', ''),
	('00000000-0000-0000-0000-000000000000', 'befd68fc-4260-4692-bda6-bbb3bb9a3538', '{"action":"logout","actor_id":"f430fcee-7405-445b-8fb8-bd49375a8e92","actor_username":"hoge@com","actor_via_sso":false,"log_type":"account"}', '2023-11-22 06:46:13.276655+00', ''),
	('00000000-0000-0000-0000-000000000000', '4d4312d8-72a3-426c-8ffb-cca7f72c4a33', '{"action":"login","actor_id":"f430fcee-7405-445b-8fb8-bd49375a8e92","actor_username":"hoge@com","actor_via_sso":false,"log_type":"account","traits":{"provider":"email"}}', '2023-11-22 06:46:34.909629+00', ''),
	('00000000-0000-0000-0000-000000000000', 'f6b5042e-3b0e-4b4c-95a8-b89a03f40ba1', '{"action":"logout","actor_id":"f430fcee-7405-445b-8fb8-bd49375a8e92","actor_username":"hoge@com","actor_via_sso":false,"log_type":"account"}', '2023-11-22 06:58:33.605193+00', ''),
	('00000000-0000-0000-0000-000000000000', '719c0e9f-1226-4bd7-b01d-e7254f50945f', '{"action":"login","actor_id":"f430fcee-7405-445b-8fb8-bd49375a8e92","actor_username":"hoge@com","actor_via_sso":false,"log_type":"account","traits":{"provider":"email"}}', '2023-11-22 06:58:37.382997+00', ''),
	('00000000-0000-0000-0000-000000000000', '90841655-7512-47a0-8b89-ae808157e303', '{"action":"logout","actor_id":"f430fcee-7405-445b-8fb8-bd49375a8e92","actor_username":"hoge@com","actor_via_sso":false,"log_type":"account"}', '2023-11-22 07:31:46.667431+00', ''),
	('00000000-0000-0000-0000-000000000000', 'd804b86b-ee54-4218-9012-3a07e7d983f1', '{"action":"login","actor_id":"f430fcee-7405-445b-8fb8-bd49375a8e92","actor_username":"hoge@com","actor_via_sso":false,"log_type":"account","traits":{"provider":"email"}}', '2023-11-22 07:31:49.917396+00', ''),
	('00000000-0000-0000-0000-000000000000', '38c26de4-ba2f-4285-93da-b33af1d74a3f', '{"action":"login","actor_id":"f430fcee-7405-445b-8fb8-bd49375a8e92","actor_username":"hoge@com","actor_via_sso":false,"log_type":"account","traits":{"provider":"email"}}', '2023-11-22 07:33:01.740107+00', ''),
	('00000000-0000-0000-0000-000000000000', 'a5c083ac-b3dd-4591-977c-ccb7883885e9', '{"action":"login","actor_id":"f430fcee-7405-445b-8fb8-bd49375a8e92","actor_username":"hoge@com","actor_via_sso":false,"log_type":"account","traits":{"provider":"email"}}', '2023-11-22 07:45:17.532188+00', ''),
	('00000000-0000-0000-0000-000000000000', '0a93715c-0086-4586-8bfa-8999fd254b9b', '{"action":"login","actor_id":"f430fcee-7405-445b-8fb8-bd49375a8e92","actor_username":"hoge@com","actor_via_sso":false,"log_type":"account","traits":{"provider":"email"}}', '2023-11-22 07:46:53.381026+00', ''),
	('00000000-0000-0000-0000-000000000000', '29d3d5f3-2047-44fb-a5cb-32e40ad639eb', '{"action":"login","actor_id":"f430fcee-7405-445b-8fb8-bd49375a8e92","actor_username":"hoge@com","actor_via_sso":false,"log_type":"account","traits":{"provider":"email"}}', '2023-11-22 07:55:12.372662+00', ''),
	('00000000-0000-0000-0000-000000000000', '366b52c2-f6d9-4896-b9dc-bae28499d345', '{"action":"login","actor_id":"f430fcee-7405-445b-8fb8-bd49375a8e92","actor_username":"hoge@com","actor_via_sso":false,"log_type":"account","traits":{"provider":"email"}}', '2023-11-22 07:55:36.846808+00', ''),
	('00000000-0000-0000-0000-000000000000', '42965764-a345-43d2-98ff-c5b4cf7928eb', '{"action":"logout","actor_id":"f430fcee-7405-445b-8fb8-bd49375a8e92","actor_username":"hoge@com","actor_via_sso":false,"log_type":"account"}', '2023-11-22 08:07:23.846777+00', ''),
	('00000000-0000-0000-0000-000000000000', '16043e32-f53b-42e9-8628-e6486ecdc1ec', '{"action":"login","actor_id":"f430fcee-7405-445b-8fb8-bd49375a8e92","actor_username":"hoge@com","actor_via_sso":false,"log_type":"account","traits":{"provider":"email"}}', '2023-11-22 08:08:03.664781+00', ''),
	('00000000-0000-0000-0000-000000000000', '50db6863-58ad-4f89-a74b-c45b7fa7d330', '{"action":"user_signedup","actor_id":"00000000-0000-0000-0000-000000000000","actor_username":"service_role","actor_via_sso":false,"log_type":"team","traits":{"user_email":"test@test","user_id":"df2da314-af30-47a6-a97e-4c7793133032","user_phone":""}}', '2023-11-22 08:12:10.190265+00', ''),
	('00000000-0000-0000-0000-000000000000', '9ab621c4-8eec-4260-8c8c-045853afbae5', '{"action":"logout","actor_id":"f430fcee-7405-445b-8fb8-bd49375a8e92","actor_username":"hoge@com","actor_via_sso":false,"log_type":"account"}', '2023-11-22 08:30:34.029281+00', ''),
	('00000000-0000-0000-0000-000000000000', '48e5425b-b355-4bb1-9801-282ba209c3c5', '{"action":"login","actor_id":"f430fcee-7405-445b-8fb8-bd49375a8e92","actor_username":"hoge@com","actor_via_sso":false,"log_type":"account","traits":{"provider":"email"}}', '2023-11-22 08:30:50.638279+00', ''),
	('00000000-0000-0000-0000-000000000000', 'b30a596f-db5a-44d8-a671-aaba8e78d80f', '{"action":"user_modified","actor_id":"00000000-0000-0000-0000-000000000000","actor_username":"service_role","actor_via_sso":false,"log_type":"user","traits":{"user_email":"test@test","user_id":"df2da314-af30-47a6-a97e-4c7793133032","user_phone":""}}', '2023-11-22 08:31:10.099304+00', ''),
	('00000000-0000-0000-0000-000000000000', 'f1c4d7df-ac0d-4deb-9c63-29c86d55cf05', '{"action":"logout","actor_id":"f430fcee-7405-445b-8fb8-bd49375a8e92","actor_username":"hoge@com","actor_via_sso":false,"log_type":"account"}', '2023-11-22 08:31:17.922585+00', ''),
	('00000000-0000-0000-0000-000000000000', '2f25256b-ecb5-494d-81b9-6a082942cc79', '{"action":"login","actor_id":"df2da314-af30-47a6-a97e-4c7793133032","actor_username":"test@test","actor_via_sso":false,"log_type":"account","traits":{"provider":"email"}}', '2023-11-22 08:31:28.34679+00', ''),
	('00000000-0000-0000-0000-000000000000', 'e1d03121-e099-4d52-94d0-8236009c6aca', '{"action":"logout","actor_id":"f430fcee-7405-445b-8fb8-bd49375a8e92","actor_username":"hoge@com","actor_via_sso":false,"log_type":"account"}', '2023-11-22 08:49:00.441127+00', ''),
	('00000000-0000-0000-0000-000000000000', '57847ebf-81bf-4fbd-8d47-8a408ba3d288', '{"action":"login","actor_id":"bb90aa34-ffbc-4b4a-9b0b-d3338b155ee7","actor_username":"a@a","actor_via_sso":false,"log_type":"account","traits":{"provider":"email"}}', '2023-11-22 08:49:06.439208+00', ''),
	('00000000-0000-0000-0000-000000000000', '6c13b961-f954-4158-bb3d-96cf2a4984a8', '{"action":"login","actor_id":"f430fcee-7405-445b-8fb8-bd49375a8e92","actor_username":"hoge@com","actor_via_sso":false,"log_type":"account","traits":{"provider":"email"}}', '2023-11-22 09:01:37.529859+00', ''),
	('00000000-0000-0000-0000-000000000000', 'd65978b9-0762-4e6c-a8af-e3042c3e432b', '{"action":"user_signedup","actor_id":"00000000-0000-0000-0000-000000000000","actor_username":"service_role","actor_via_sso":false,"log_type":"team","traits":{"user_email":"test1@test","user_id":"3f27efe4-e09a-4e23-809c-320ae97bdae7","user_phone":""}}', '2023-11-22 08:43:42.406882+00', ''),
	('00000000-0000-0000-0000-000000000000', 'cfdccf79-4e58-4a02-8fa3-ff089db19557', '{"action":"logout","actor_id":"df2da314-af30-47a6-a97e-4c7793133032","actor_username":"test@test","actor_via_sso":false,"log_type":"account"}', '2023-11-22 08:44:13.200602+00', ''),
	('00000000-0000-0000-0000-000000000000', '6c1e8b59-ae8d-4953-b5e7-0b6cced73c4c', '{"action":"login","actor_id":"3f27efe4-e09a-4e23-809c-320ae97bdae7","actor_username":"test1@test","actor_via_sso":false,"log_type":"account","traits":{"provider":"email"}}', '2023-11-22 08:44:20.990109+00', ''),
	('00000000-0000-0000-0000-000000000000', 'dd70207c-ac1d-4310-bb34-1dc4cdca2943', '{"action":"login","actor_id":"f430fcee-7405-445b-8fb8-bd49375a8e92","actor_username":"hoge@com","actor_via_sso":false,"log_type":"account","traits":{"provider":"email"}}', '2023-11-22 08:46:38.887885+00', ''),
	('00000000-0000-0000-0000-000000000000', '364734d1-27ce-4ac0-b749-1e3c1d775e07', '{"action":"user_signedup","actor_id":"00000000-0000-0000-0000-000000000000","actor_username":"service_role","actor_via_sso":false,"log_type":"team","traits":{"user_email":"a@a","user_id":"bb90aa34-ffbc-4b4a-9b0b-d3338b155ee7","user_phone":""}}', '2023-11-22 08:48:43.541364+00', ''),
	('00000000-0000-0000-0000-000000000000', '1d16da0e-09b5-409c-b771-e8c968d3baa1', '{"action":"login","actor_id":"f430fcee-7405-445b-8fb8-bd49375a8e92","actor_username":"hoge@com","actor_via_sso":false,"log_type":"account","traits":{"provider":"email"}}', '2023-11-22 09:04:24.659162+00', ''),
	('00000000-0000-0000-0000-000000000000', 'b0e3a104-2620-4bee-a82e-aa29fc76d274', '{"action":"token_refreshed","actor_id":"f430fcee-7405-445b-8fb8-bd49375a8e92","actor_username":"hoge@com","actor_via_sso":false,"log_type":"token"}', '2023-11-24 00:13:13.720665+00', ''),
	('00000000-0000-0000-0000-000000000000', '356c1ce7-0923-4091-b012-92f64cf5f060', '{"action":"token_revoked","actor_id":"f430fcee-7405-445b-8fb8-bd49375a8e92","actor_username":"hoge@com","actor_via_sso":false,"log_type":"token"}', '2023-11-24 00:13:13.722793+00', ''),
	('00000000-0000-0000-0000-000000000000', '271ad208-f8a9-46ff-9769-2f6fb7bd5be4', '{"action":"token_refreshed","actor_id":"f430fcee-7405-445b-8fb8-bd49375a8e92","actor_username":"hoge@com","actor_via_sso":false,"log_type":"token"}', '2023-11-24 00:13:13.736295+00', ''),
	('00000000-0000-0000-0000-000000000000', '561d8bd0-3db3-4e9d-be74-34d9a937002d', '{"action":"token_revoked","actor_id":"f430fcee-7405-445b-8fb8-bd49375a8e92","actor_username":"hoge@com","actor_via_sso":false,"log_type":"token"}', '2023-11-24 00:13:13.736764+00', ''),
	('00000000-0000-0000-0000-000000000000', 'a6343de2-25eb-4484-be6a-3037342522fd', '{"action":"token_refreshed","actor_id":"f430fcee-7405-445b-8fb8-bd49375a8e92","actor_username":"hoge@com","actor_via_sso":false,"log_type":"token"}', '2023-11-24 00:13:13.74256+00', ''),
	('00000000-0000-0000-0000-000000000000', 'c6cc4783-9b13-4a2c-a444-85fa1018761f', '{"action":"token_revoked","actor_id":"f430fcee-7405-445b-8fb8-bd49375a8e92","actor_username":"hoge@com","actor_via_sso":false,"log_type":"token"}', '2023-11-24 00:13:13.742964+00', ''),
	('00000000-0000-0000-0000-000000000000', 'cc45b171-561e-48c9-9720-e923a952dead', '{"action":"token_refreshed","actor_id":"f430fcee-7405-445b-8fb8-bd49375a8e92","actor_username":"hoge@com","actor_via_sso":false,"log_type":"token"}', '2023-11-24 00:13:13.755905+00', ''),
	('00000000-0000-0000-0000-000000000000', '51f2f9e5-e95a-4091-b01c-195a635dabc5', '{"action":"token_revoked","actor_id":"f430fcee-7405-445b-8fb8-bd49375a8e92","actor_username":"hoge@com","actor_via_sso":false,"log_type":"token"}', '2023-11-24 00:13:13.756185+00', ''),
	('00000000-0000-0000-0000-000000000000', '9d0b07fd-abc8-4de2-9156-81348e70e153', '{"action":"logout","actor_id":"f430fcee-7405-445b-8fb8-bd49375a8e92","actor_username":"hoge@com","actor_via_sso":false,"log_type":"account"}', '2023-11-24 00:13:17.435086+00', ''),
	('00000000-0000-0000-0000-000000000000', '1b79f3cd-ea0c-4ac9-acbb-1c0f48960ccb', '{"action":"login","actor_id":"f430fcee-7405-445b-8fb8-bd49375a8e92","actor_username":"hoge@com","actor_via_sso":false,"log_type":"account","traits":{"provider":"email"}}', '2023-11-24 00:14:00.649796+00', ''),
	('00000000-0000-0000-0000-000000000000', '14fa378d-168e-4baf-95f3-f9bf68a10ba5', '{"action":"login","actor_id":"f430fcee-7405-445b-8fb8-bd49375a8e92","actor_username":"hoge@com","actor_via_sso":false,"log_type":"account","traits":{"provider":"email"}}', '2023-11-24 00:17:35.470877+00', ''),
	('00000000-0000-0000-0000-000000000000', '862663d2-ac7c-4e55-b3fd-3ad43a19153f', '{"action":"logout","actor_id":"f430fcee-7405-445b-8fb8-bd49375a8e92","actor_username":"hoge@com","actor_via_sso":false,"log_type":"account"}', '2023-11-24 00:32:06.359621+00', ''),
	('00000000-0000-0000-0000-000000000000', '31d95038-28d5-4158-9bb9-5da27426c4b6', '{"action":"login","actor_id":"f430fcee-7405-445b-8fb8-bd49375a8e92","actor_username":"hoge@com","actor_via_sso":false,"log_type":"account","traits":{"provider":"email"}}', '2023-11-24 00:32:09.861694+00', ''),
	('00000000-0000-0000-0000-000000000000', 'c6f34519-4513-4d55-bae7-4bfa32f0d9a2', '{"action":"user_modified","actor_id":"00000000-0000-0000-0000-000000000000","actor_username":"service_role","actor_via_sso":false,"log_type":"user","traits":{"user_email":"a@a","user_id":"bb90aa34-ffbc-4b4a-9b0b-d3338b155ee7","user_phone":""}}', '2023-11-24 00:33:10.631704+00', ''),
	('00000000-0000-0000-0000-000000000000', 'c8e8e2e9-cd5b-41ea-9851-0b20068ceef2', '{"action":"user_modified","actor_id":"00000000-0000-0000-0000-000000000000","actor_username":"service_role","actor_via_sso":false,"log_type":"user","traits":{"user_email":"a@a","user_id":"bb90aa34-ffbc-4b4a-9b0b-d3338b155ee7","user_phone":""}}', '2023-11-24 01:16:22.909665+00', ''),
	('00000000-0000-0000-0000-000000000000', '6f819545-79ab-4a87-a75f-03feb3917f73', '{"action":"user_modified","actor_id":"00000000-0000-0000-0000-000000000000","actor_username":"service_role","actor_via_sso":false,"log_type":"user","traits":{"user_email":"a@a","user_id":"bb90aa34-ffbc-4b4a-9b0b-d3338b155ee7","user_phone":""}}', '2023-11-24 01:18:44.222561+00', ''),
	('00000000-0000-0000-0000-000000000000', '6e4433bc-c50c-42ce-89f1-b23ae1cec579', '{"action":"user_modified","actor_id":"00000000-0000-0000-0000-000000000000","actor_username":"service_role","actor_via_sso":false,"log_type":"user","traits":{"user_email":"a@a","user_id":"bb90aa34-ffbc-4b4a-9b0b-d3338b155ee7","user_phone":""}}', '2023-11-24 01:19:58.690921+00', ''),
	('00000000-0000-0000-0000-000000000000', 'c251dee5-ce9a-4ead-b6ff-2471269bcfc3', '{"action":"user_modified","actor_id":"00000000-0000-0000-0000-000000000000","actor_username":"service_role","actor_via_sso":false,"log_type":"user","traits":{"user_email":"aaa@aaa","user_id":"bb90aa34-ffbc-4b4a-9b0b-d3338b155ee7","user_phone":""}}', '2023-11-24 01:22:16.686867+00', ''),
	('00000000-0000-0000-0000-000000000000', 'a09d699c-5789-4efc-a23c-f7788b13ef2c', '{"action":"logout","actor_id":"f430fcee-7405-445b-8fb8-bd49375a8e92","actor_username":"hoge@com","actor_via_sso":false,"log_type":"account"}', '2023-11-24 01:23:45.066634+00', ''),
	('00000000-0000-0000-0000-000000000000', '852dbb9f-6a31-402c-822f-dfa9d69f6a27', '{"action":"login","actor_id":"bb90aa34-ffbc-4b4a-9b0b-d3338b155ee7","actor_username":"aaa@aaa","actor_via_sso":false,"log_type":"account","traits":{"provider":"email"}}', '2023-11-24 01:23:57.261799+00', ''),
	('00000000-0000-0000-0000-000000000000', '5278f03b-1214-404e-9793-de01de8ac394', '{"action":"logout","actor_id":"bb90aa34-ffbc-4b4a-9b0b-d3338b155ee7","actor_username":"aaa@aaa","actor_via_sso":false,"log_type":"account"}', '2023-11-24 01:28:49.220366+00', ''),
	('00000000-0000-0000-0000-000000000000', 'cdf81ac7-85b6-41db-86e6-f0455999533d', '{"action":"login","actor_id":"f430fcee-7405-445b-8fb8-bd49375a8e92","actor_username":"hoge@com","actor_via_sso":false,"log_type":"account","traits":{"provider":"email"}}', '2023-11-24 01:29:15.792142+00', ''),
	('00000000-0000-0000-0000-000000000000', '8d36f72b-169f-4786-b72b-9afa2cb9ed9e', '{"action":"logout","actor_id":"f430fcee-7405-445b-8fb8-bd49375a8e92","actor_username":"hoge@com","actor_via_sso":false,"log_type":"account"}', '2023-11-24 01:42:58.999159+00', ''),
	('00000000-0000-0000-0000-000000000000', '31d8ee71-24e5-48a6-92e5-a8bf5fc20ddc', '{"action":"login","actor_id":"f430fcee-7405-445b-8fb8-bd49375a8e92","actor_username":"hoge@com","actor_via_sso":false,"log_type":"account","traits":{"provider":"email"}}', '2023-11-24 01:43:21.807065+00', ''),
	('00000000-0000-0000-0000-000000000000', 'c4a3edc0-7114-4737-a23a-632638a92f35', '{"action":"login","actor_id":"f430fcee-7405-445b-8fb8-bd49375a8e92","actor_username":"hoge@com","actor_via_sso":false,"log_type":"account","traits":{"provider":"email"}}', '2023-11-24 01:45:20.503177+00', ''),
	('00000000-0000-0000-0000-000000000000', '2fe95b17-b148-4fc8-81cb-242b5c1991ef', '{"action":"logout","actor_id":"f430fcee-7405-445b-8fb8-bd49375a8e92","actor_username":"hoge@com","actor_via_sso":false,"log_type":"account"}', '2023-11-24 01:45:22.171316+00', ''),
	('00000000-0000-0000-0000-000000000000', 'fc015ac7-e34c-4b03-a6c3-cc5a83c9e2c5', '{"action":"login","actor_id":"f430fcee-7405-445b-8fb8-bd49375a8e92","actor_username":"hoge@com","actor_via_sso":false,"log_type":"account","traits":{"provider":"email"}}', '2023-11-24 01:45:24.730254+00', ''),
	('00000000-0000-0000-0000-000000000000', 'ee33cd62-bcf8-44fd-9aff-7f7d88112401', '{"action":"user_signedup","actor_id":"00000000-0000-0000-0000-000000000000","actor_username":"service_role","actor_via_sso":false,"log_type":"team","traits":{"user_email":"asd@asd","user_id":"13eb20f0-c2f7-4795-b36b-aadf8fda87a9","user_phone":""}}', '2023-11-24 02:51:25.818887+00', ''),
	('00000000-0000-0000-0000-000000000000', '1828901d-aa34-47a5-8ab2-19c966a90da9', '{"action":"logout","actor_id":"f430fcee-7405-445b-8fb8-bd49375a8e92","actor_username":"hoge@com","actor_via_sso":false,"log_type":"account"}', '2023-11-24 03:57:38.352009+00', ''),
	('00000000-0000-0000-0000-000000000000', '01fb4e05-11e5-4aff-983e-4c08649851f0', '{"action":"login","actor_id":"f430fcee-7405-445b-8fb8-bd49375a8e92","actor_username":"hoge@com","actor_via_sso":false,"log_type":"account","traits":{"provider":"email"}}', '2023-11-24 04:00:01.368539+00', ''),
	('00000000-0000-0000-0000-000000000000', '374919e9-a415-4f5e-88cc-fad6e84ca63a', '{"action":"login","actor_id":"f430fcee-7405-445b-8fb8-bd49375a8e92","actor_username":"hoge@com","actor_via_sso":false,"log_type":"account","traits":{"provider":"email"}}', '2023-11-24 04:04:27.702307+00', ''),
	('00000000-0000-0000-0000-000000000000', '2b92c442-cb02-4e5c-a4e4-d0994284c9dc', '{"action":"logout","actor_id":"f430fcee-7405-445b-8fb8-bd49375a8e92","actor_username":"hoge@com","actor_via_sso":false,"log_type":"account"}', '2023-11-24 04:52:29.852366+00', ''),
	('00000000-0000-0000-0000-000000000000', '7d87c7e3-fb08-4d9a-afbe-85a113b62a06', '{"action":"login","actor_id":"f430fcee-7405-445b-8fb8-bd49375a8e92","actor_username":"hoge@com","actor_via_sso":false,"log_type":"account","traits":{"provider":"email"}}', '2023-11-24 04:54:24.172831+00', ''),
	('00000000-0000-0000-0000-000000000000', 'f04a39fb-8697-4a38-aa2c-2b144459268e', '{"action":"logout","actor_id":"f430fcee-7405-445b-8fb8-bd49375a8e92","actor_username":"hoge@com","actor_via_sso":false,"log_type":"account"}', '2023-11-24 04:59:29.871032+00', ''),
	('00000000-0000-0000-0000-000000000000', '3cf9fd1d-fbe4-4c87-b3d6-e7a69bc01dc8', '{"action":"login","actor_id":"f430fcee-7405-445b-8fb8-bd49375a8e92","actor_username":"hoge@com","actor_via_sso":false,"log_type":"account","traits":{"provider":"email"}}', '2023-11-24 04:59:33.536961+00', ''),
	('00000000-0000-0000-0000-000000000000', '962f17ef-069e-4d9d-9ca6-d8e04a2072f6', '{"action":"token_refreshed","actor_id":"f430fcee-7405-445b-8fb8-bd49375a8e92","actor_username":"hoge@com","actor_via_sso":false,"log_type":"token"}', '2023-11-24 06:19:44.619872+00', ''),
	('00000000-0000-0000-0000-000000000000', 'ea16bf63-a44b-41a5-93af-54bc3c159a36', '{"action":"token_revoked","actor_id":"f430fcee-7405-445b-8fb8-bd49375a8e92","actor_username":"hoge@com","actor_via_sso":false,"log_type":"token"}', '2023-11-24 06:19:44.621434+00', ''),
	('00000000-0000-0000-0000-000000000000', '972b0655-155b-4f15-93ed-0344c220cd68', '{"action":"token_refreshed","actor_id":"f430fcee-7405-445b-8fb8-bd49375a8e92","actor_username":"hoge@com","actor_via_sso":false,"log_type":"token"}', '2023-11-24 06:19:44.63501+00', ''),
	('00000000-0000-0000-0000-000000000000', 'dcc6760d-8158-466f-a3ca-a3dac0df15c8', '{"action":"token_revoked","actor_id":"f430fcee-7405-445b-8fb8-bd49375a8e92","actor_username":"hoge@com","actor_via_sso":false,"log_type":"token"}', '2023-11-24 06:19:44.635365+00', ''),
	('00000000-0000-0000-0000-000000000000', '8ef695b9-414b-4471-858d-9414156a8959', '{"action":"logout","actor_id":"f430fcee-7405-445b-8fb8-bd49375a8e92","actor_username":"hoge@com","actor_via_sso":false,"log_type":"account"}', '2023-11-24 02:30:22.661962+00', ''),
	('00000000-0000-0000-0000-000000000000', '3a096de9-7274-4fd1-a769-7508a18883f4', '{"action":"login","actor_id":"bb90aa34-ffbc-4b4a-9b0b-d3338b155ee7","actor_username":"aaa@aaa","actor_via_sso":false,"log_type":"account","traits":{"provider":"email"}}', '2023-11-24 02:30:30.634937+00', ''),
	('00000000-0000-0000-0000-000000000000', 'd96d12de-e996-464b-b088-0da0995533fe', '{"action":"logout","actor_id":"bb90aa34-ffbc-4b4a-9b0b-d3338b155ee7","actor_username":"aaa@aaa","actor_via_sso":false,"log_type":"account"}', '2023-11-24 02:30:34.81107+00', ''),
	('00000000-0000-0000-0000-000000000000', '95b1ce79-de07-4532-9c9b-8802ce08fffa', '{"action":"login","actor_id":"f430fcee-7405-445b-8fb8-bd49375a8e92","actor_username":"hoge@com","actor_via_sso":false,"log_type":"account","traits":{"provider":"email"}}', '2023-11-24 02:30:37.646642+00', ''),
	('00000000-0000-0000-0000-000000000000', '9ca4104b-40a7-4834-a794-e8f036e59eed', '{"action":"logout","actor_id":"f430fcee-7405-445b-8fb8-bd49375a8e92","actor_username":"hoge@com","actor_via_sso":false,"log_type":"account"}', '2023-11-24 02:33:14.065689+00', ''),
	('00000000-0000-0000-0000-000000000000', '7a9753cb-b01d-47ac-b4cf-4a8e398e4f08', '{"action":"login","actor_id":"f430fcee-7405-445b-8fb8-bd49375a8e92","actor_username":"hoge@com","actor_via_sso":false,"log_type":"account","traits":{"provider":"email"}}', '2023-11-24 02:33:25.104206+00', ''),
	('00000000-0000-0000-0000-000000000000', '0a9c5532-429d-4e1b-bbd2-38c268efd3bf', '{"action":"login","actor_id":"f430fcee-7405-445b-8fb8-bd49375a8e92","actor_username":"hoge@com","actor_via_sso":false,"log_type":"account","traits":{"provider":"email"}}', '2023-11-24 02:33:52.094471+00', ''),
	('00000000-0000-0000-0000-000000000000', '72f40d5b-b16f-4e24-ac31-e5d8db6ba0bc', '{"action":"user_signedup","actor_id":"00000000-0000-0000-0000-000000000000","actor_username":"service_role","actor_via_sso":false,"log_type":"team","traits":{"user_email":"zzz@zzz","user_id":"b14cdbac-8b18-4c60-b926-96b6c1266264","user_phone":""}}', '2023-11-24 02:53:37.654761+00', ''),
	('00000000-0000-0000-0000-000000000000', 'a11e08dd-3aa5-4a81-abdd-39e36d5ec287', '{"action":"logout","actor_id":"f430fcee-7405-445b-8fb8-bd49375a8e92","actor_username":"hoge@com","actor_via_sso":false,"log_type":"account"}', '2023-11-24 02:53:46.887971+00', ''),
	('00000000-0000-0000-0000-000000000000', '793dd3fa-cb2b-4d73-9e91-1e2bde51c733', '{"action":"login","actor_id":"b14cdbac-8b18-4c60-b926-96b6c1266264","actor_username":"zzz@zzz","actor_via_sso":false,"log_type":"account","traits":{"provider":"email"}}', '2023-11-24 02:53:55.977151+00', ''),
	('00000000-0000-0000-0000-000000000000', 'af1d0be0-40ec-4bc1-938d-505ee98c244e', '{"action":"logout","actor_id":"b14cdbac-8b18-4c60-b926-96b6c1266264","actor_username":"zzz@zzz","actor_via_sso":false,"log_type":"account"}', '2023-11-24 03:03:30.120833+00', ''),
	('00000000-0000-0000-0000-000000000000', 'e80b8fb4-6d92-4f36-ae60-af1b7562e4f7', '{"action":"login","actor_id":"f430fcee-7405-445b-8fb8-bd49375a8e92","actor_username":"hoge@com","actor_via_sso":false,"log_type":"account","traits":{"provider":"email"}}', '2023-11-24 03:03:33.720122+00', ''),
	('00000000-0000-0000-0000-000000000000', '0900117c-2fae-4cfd-bc4b-fcfebfcbcf93', '{"action":"login","actor_id":"f430fcee-7405-445b-8fb8-bd49375a8e92","actor_username":"hoge@com","actor_via_sso":false,"log_type":"account","traits":{"provider":"email"}}', '2023-11-24 04:03:30.572108+00', ''),
	('00000000-0000-0000-0000-000000000000', '20bada22-519f-4a89-bd6c-dd555cbf1035', '{"action":"login","actor_id":"f430fcee-7405-445b-8fb8-bd49375a8e92","actor_username":"hoge@com","actor_via_sso":false,"log_type":"account","traits":{"provider":"email"}}', '2023-11-24 04:07:51.478221+00', ''),
	('00000000-0000-0000-0000-000000000000', '71611750-4471-4cee-b3c0-94ba75d5586b', '{"action":"user_modified","actor_id":"00000000-0000-0000-0000-000000000000","actor_username":"service_role","actor_via_sso":false,"log_type":"user","traits":{"user_email":"asd@asd","user_id":"13eb20f0-c2f7-4795-b36b-aadf8fda87a9","user_phone":""}}', '2023-11-24 04:08:08.88092+00', ''),
	('00000000-0000-0000-0000-000000000000', '26828d68-c132-4874-827d-420cf0366b52', '{"action":"logout","actor_id":"f430fcee-7405-445b-8fb8-bd49375a8e92","actor_username":"hoge@com","actor_via_sso":false,"log_type":"account"}', '2023-11-24 04:09:00.199498+00', ''),
	('00000000-0000-0000-0000-000000000000', '9e3fd3c6-f7bd-4fbf-8ef4-10889abd57e2', '{"action":"login","actor_id":"f430fcee-7405-445b-8fb8-bd49375a8e92","actor_username":"hoge@com","actor_via_sso":false,"log_type":"account","traits":{"provider":"email"}}', '2023-11-24 04:09:04.357736+00', ''),
	('00000000-0000-0000-0000-000000000000', '41ef7775-d648-4098-8e77-ff7c3cbd24d8', '{"action":"logout","actor_id":"f430fcee-7405-445b-8fb8-bd49375a8e92","actor_username":"hoge@com","actor_via_sso":false,"log_type":"account"}', '2023-11-24 04:09:22.445946+00', ''),
	('00000000-0000-0000-0000-000000000000', 'f875e58a-682c-4776-9fa0-aa6ca7bd855b', '{"action":"login","actor_id":"13eb20f0-c2f7-4795-b36b-aadf8fda87a9","actor_username":"asd@asd","actor_via_sso":false,"log_type":"account","traits":{"provider":"email"}}', '2023-11-24 04:09:30.182259+00', ''),
	('00000000-0000-0000-0000-000000000000', '7149d20b-e920-4084-bdc4-ad099048551d', '{"action":"user_signedup","actor_id":"00000000-0000-0000-0000-000000000000","actor_username":"service_role","actor_via_sso":false,"log_type":"team","traits":{"user_email":"sss@sss","user_id":"f9462ac0-89c2-4b12-88a1-c7a50c89ac97","user_phone":""}}', '2023-11-24 04:09:57.435926+00', ''),
	('00000000-0000-0000-0000-000000000000', '541443f4-2df4-4d89-ace2-0de1b5710fdb', '{"action":"logout","actor_id":"13eb20f0-c2f7-4795-b36b-aadf8fda87a9","actor_username":"asd@asd","actor_via_sso":false,"log_type":"account"}', '2023-11-24 04:10:16.908675+00', ''),
	('00000000-0000-0000-0000-000000000000', 'e0f58b8a-51e9-4049-bf9e-68a73b0bb1c0', '{"action":"login","actor_id":"f430fcee-7405-445b-8fb8-bd49375a8e92","actor_username":"hoge@com","actor_via_sso":false,"log_type":"account","traits":{"provider":"email"}}', '2023-11-24 04:10:27.81032+00', ''),
	('00000000-0000-0000-0000-000000000000', 'a4459c43-e27b-42f3-8469-2664a7716b39', '{"action":"logout","actor_id":"f430fcee-7405-445b-8fb8-bd49375a8e92","actor_username":"hoge@com","actor_via_sso":false,"log_type":"account"}', '2023-11-24 04:29:35.97309+00', ''),
	('00000000-0000-0000-0000-000000000000', '0e407821-eaee-4749-aadc-922eebb42a2f', '{"action":"login","actor_id":"f430fcee-7405-445b-8fb8-bd49375a8e92","actor_username":"hoge@com","actor_via_sso":false,"log_type":"account","traits":{"provider":"email"}}', '2023-11-24 04:30:17.210999+00', ''),
	('00000000-0000-0000-0000-000000000000', 'f4b0bfbb-1f44-4703-8ad5-67254f70a842', '{"action":"logout","actor_id":"f430fcee-7405-445b-8fb8-bd49375a8e92","actor_username":"hoge@com","actor_via_sso":false,"log_type":"account"}', '2023-11-24 04:31:22.524727+00', ''),
	('00000000-0000-0000-0000-000000000000', 'b46fb420-d6e2-45a0-8b8f-67126db1ac4e', '{"action":"login","actor_id":"f430fcee-7405-445b-8fb8-bd49375a8e92","actor_username":"hoge@com","actor_via_sso":false,"log_type":"account","traits":{"provider":"email"}}', '2023-11-24 04:31:37.709154+00', ''),
	('00000000-0000-0000-0000-000000000000', 'a9332d3f-e99b-4ab4-8446-f91941f7a1c9', '{"action":"logout","actor_id":"f430fcee-7405-445b-8fb8-bd49375a8e92","actor_username":"hoge@com","actor_via_sso":false,"log_type":"account"}', '2023-11-24 04:56:06.250444+00', ''),
	('00000000-0000-0000-0000-000000000000', '0002345f-5239-4352-b986-c0490d2d6cea', '{"action":"login","actor_id":"f430fcee-7405-445b-8fb8-bd49375a8e92","actor_username":"hoge@com","actor_via_sso":false,"log_type":"account","traits":{"provider":"email"}}', '2023-11-24 04:56:10.452636+00', '');


--
-- Data for Name: flow_state; Type: TABLE DATA; Schema: auth; Owner: supabase_auth_admin
--



--
-- Data for Name: users; Type: TABLE DATA; Schema: auth; Owner: supabase_auth_admin
--

INSERT INTO "auth"."users" ("instance_id", "id", "aud", "role", "email", "encrypted_password", "email_confirmed_at", "invited_at", "confirmation_token", "confirmation_sent_at", "recovery_token", "recovery_sent_at", "email_change_token_new", "email_change", "email_change_sent_at", "last_sign_in_at", "raw_app_meta_data", "raw_user_meta_data", "is_super_admin", "created_at", "updated_at", "phone", "phone_confirmed_at", "phone_change", "phone_change_token", "phone_change_sent_at", "email_change_token_current", "email_change_confirm_status", "banned_until", "reauthentication_token", "reauthentication_sent_at", "is_sso_user", "deleted_at") VALUES
	('00000000-0000-0000-0000-000000000000', 'bb90aa34-ffbc-4b4a-9b0b-d3338b155ee7', 'authenticated', 'authenticated', 'aaa@aaa', '$2a$10$SX.3BT4XX5biJc4RoLgRCOxDR8qQOxFgFm60wwD9Lh9FQ29CoLy1K', '2023-11-24 01:22:16.606001+00', NULL, '', NULL, '', NULL, '', '', NULL, '2023-11-24 02:30:30.635592+00', '{"provider": "email", "providers": ["email"], "user_name": "abcde"}', '{}', NULL, '2023-11-22 08:48:43.538637+00', '2023-11-24 02:30:30.637215+00', NULL, NULL, '', '', NULL, '', 0, NULL, '', NULL, false, NULL),
	('00000000-0000-0000-0000-000000000000', 'f430fcee-7405-445b-8fb8-bd49375a8e92', 'authenticated', 'authenticated', 'hoge@com', '$2a$10$RxSqmu.WoLvme8ZX1HsQUOXUMOi/v4koR5N2X0ajxKqq3OXU9g1KC', '2023-08-09 08:21:12.630803+00', NULL, '', NULL, '', NULL, '', '', NULL, '2023-11-24 04:59:33.537811+00', '{"tenant_id": "122c8ed3-9b92-4db7-83df-20087255a5eb", "user_name": ""}', NULL, NULL, '2023-08-09 08:21:12.630803+00', '2023-11-24 06:19:44.636442+00', NULL, NULL, '', '', NULL, '', 0, NULL, '', NULL, false, NULL),
	('00000000-0000-0000-0000-000000000000', '13eb20f0-c2f7-4795-b36b-aadf8fda87a9', 'authenticated', 'authenticated', 'asd@asd', '$2a$10$8xayFtabkTl4PUjNAHB/xuipxgSHCLm29KdtV0lu9Zx/krzVS.ePu', '2023-11-24 02:51:25.820651+00', NULL, '', NULL, '', NULL, '', '', NULL, '2023-11-24 04:09:30.183603+00', '{"provider": "email", "providers": ["email"], "user_name": "asdfg"}', '{}', NULL, '2023-11-24 02:51:25.814811+00', '2023-11-24 04:09:30.185368+00', NULL, NULL, '', '', NULL, '', 0, NULL, '', NULL, false, NULL),
	('00000000-0000-0000-0000-000000000000', '9a395059-cc19-495f-aa4e-ea56666abbf7', 'authenticated', 'authenticated', 'hgoehoge@hoge.com', '$2a$10$J1VIqC2eUM83hzMJgVltYe5KzhH1Sq06gM/fKbL844bzj7oU4dLoq', '2023-08-09 08:21:12.630803+00', NULL, '', NULL, '', NULL, '', '', NULL, NULL, '{"provider": "email", "providers": ["email"], "user_name": ""}', '{}', NULL, '2023-11-20 00:47:42.084105+00', '2023-11-20 06:58:30.094764+00', NULL, NULL, '', '', NULL, '', 0, NULL, '', NULL, false, NULL),
	('00000000-0000-0000-0000-000000000000', 'aa450975-1123-4f0a-b26d-ee8f4c1c6a8f', 'authenticated', 'authenticated', 'logintest@com', '$2a$10$6r7gYiVFJcbKuZqugX7hFuDdOgJ4glSSFggLenYeEuagZ5SymbbKW', '2023-08-09 08:21:12.630803+00', NULL, '', NULL, '', NULL, '', '', NULL, NULL, '{"provider": "email", "providers": ["email"], "user_name": ""}', '{}', NULL, '2023-11-20 07:29:03.218558+00', '2023-11-20 07:29:03.22753+00', NULL, NULL, '', '', NULL, '', 0, NULL, '', NULL, false, NULL),
	('00000000-0000-0000-0000-000000000000', 'df2da314-af30-47a6-a97e-4c7793133032', 'authenticated', 'authenticated', 'test@test', '$2a$10$JASfYzdI.R5DIP/RTTL/l.c3YYKmdtOWjC3qmCdXuOHM.JI9X0j3e', '2023-08-09 08:21:12.630803+00', NULL, '', NULL, '', NULL, '', '', NULL, '2023-11-22 08:31:28.347937+00', '{"provider": "email", "providers": ["email"], "user_name": "test1"}', '{}', NULL, '2023-11-22 08:12:10.184007+00', '2023-11-22 08:31:28.349711+00', NULL, NULL, '', '', NULL, '', 0, NULL, '', NULL, false, NULL),
	('00000000-0000-0000-0000-000000000000', 'f9462ac0-89c2-4b12-88a1-c7a50c89ac97', 'authenticated', 'authenticated', 'sss@sss', '$2a$10$cxsQ8e1yFc8r7T94ZxfiVO.3JDCX3YS0ROG4avAAFtdtLEEko.O06', '2023-11-24 04:09:57.438164+00', NULL, '', NULL, '', NULL, '', '', NULL, NULL, '{"provider": "email", "providers": ["email"], "user_name": "aaa"}', '{}', NULL, '2023-11-24 04:09:57.430636+00', '2023-11-24 04:09:57.438346+00', NULL, NULL, '', '', NULL, '', 0, NULL, '', NULL, false, NULL),
	('00000000-0000-0000-0000-000000000000', 'b14cdbac-8b18-4c60-b926-96b6c1266264', 'authenticated', 'authenticated', 'zzz@zzz', '$2a$10$B2JT7/Xr01hZKvTjE/gqouGT4C30JiMN2CIko1UfQ18KkofYIXuDe', '2023-11-24 02:53:37.657353+00', NULL, '', NULL, '', NULL, '', '', NULL, '2023-11-24 02:53:55.977927+00', '{"provider": "email", "providers": ["email"], "user_name": "zzz"}', '{}', NULL, '2023-11-24 02:53:37.651628+00', '2023-11-24 02:53:55.97993+00', NULL, NULL, '', '', NULL, '', 0, NULL, '', NULL, false, NULL),
	('00000000-0000-0000-0000-000000000000', '3f27efe4-e09a-4e23-809c-320ae97bdae7', 'authenticated', 'authenticated', 'test1@test', '$2a$10$SBbh.k0iy4jxkNA2bG/emuHRXBeenS7ZSOTJJ3xzMgMsg4tlXDfzq', '2023-11-22 08:43:42.409343+00', NULL, '', NULL, '', NULL, '', '', NULL, '2023-11-22 08:44:20.99099+00', '{"provider": "email", "providers": ["email"], "user_name": "test1"}', '{}', NULL, '2023-11-22 08:43:42.402711+00', '2023-11-22 08:44:20.992847+00', NULL, NULL, '', '', NULL, '', 0, NULL, '', NULL, false, NULL);


--
-- Data for Name: identities; Type: TABLE DATA; Schema: auth; Owner: supabase_auth_admin
--

INSERT INTO "auth"."identities" ("id", "user_id", "identity_data", "provider", "last_sign_in_at", "created_at", "updated_at") VALUES
	('9a395059-cc19-495f-aa4e-ea56666abbf7', '9a395059-cc19-495f-aa4e-ea56666abbf7', '{"sub": "9a395059-cc19-495f-aa4e-ea56666abbf7", "email": "hgoehoge@hoge.com"}', 'email', '2023-11-20 00:47:42.085986+00', '2023-11-20 00:47:42.086022+00', '2023-11-20 00:47:42.086022+00'),
	('aa450975-1123-4f0a-b26d-ee8f4c1c6a8f', 'aa450975-1123-4f0a-b26d-ee8f4c1c6a8f', '{"sub": "aa450975-1123-4f0a-b26d-ee8f4c1c6a8f", "email": "logintest@com"}', 'email', '2023-11-20 07:29:03.2201+00', '2023-11-20 07:29:03.220121+00', '2023-11-20 07:29:03.220121+00'),
	('f430fcee-7405-445b-8fb8-bd49375a8e92', 'f430fcee-7405-445b-8fb8-bd49375a8e92', '{"sub": "f430fcee-7405-445b-8fb8-bd49375a8e92", "email": "hoge@com"}', 'email', '2023-11-20 07:53:54.940147+00', '2023-11-20 07:53:54.940171+00', '2023-11-20 07:53:54.940171+00'),
	('df2da314-af30-47a6-a97e-4c7793133032', 'df2da314-af30-47a6-a97e-4c7793133032', '{"sub": "df2da314-af30-47a6-a97e-4c7793133032", "email": "test@test"}', 'email', '2023-11-22 08:12:10.188781+00', '2023-11-22 08:12:10.188809+00', '2023-11-22 08:12:10.188809+00'),
	('3f27efe4-e09a-4e23-809c-320ae97bdae7', '3f27efe4-e09a-4e23-809c-320ae97bdae7', '{"sub": "3f27efe4-e09a-4e23-809c-320ae97bdae7", "email": "test1@test"}', 'email', '2023-11-22 08:43:42.405634+00', '2023-11-22 08:43:42.405697+00', '2023-11-22 08:43:42.405697+00'),
	('bb90aa34-ffbc-4b4a-9b0b-d3338b155ee7', 'bb90aa34-ffbc-4b4a-9b0b-d3338b155ee7', '{"sub": "bb90aa34-ffbc-4b4a-9b0b-d3338b155ee7", "email": "aaa@aaa"}', 'email', '2023-11-22 08:48:43.540444+00', '2023-11-22 08:48:43.540491+00', '2023-11-22 08:48:43.540491+00'),
	('b14cdbac-8b18-4c60-b926-96b6c1266264', 'b14cdbac-8b18-4c60-b926-96b6c1266264', '{"sub": "b14cdbac-8b18-4c60-b926-96b6c1266264", "email": "zzz@zzz"}', 'email', '2023-11-24 02:53:37.653774+00', '2023-11-24 02:53:37.653806+00', '2023-11-24 02:53:37.653806+00'),
	('13eb20f0-c2f7-4795-b36b-aadf8fda87a9', '13eb20f0-c2f7-4795-b36b-aadf8fda87a9', '{"sub": "13eb20f0-c2f7-4795-b36b-aadf8fda87a9", "email": "asd@asd"}', 'email', '2023-11-24 02:51:25.817692+00', '2023-11-24 02:51:25.817729+00', '2023-11-24 02:51:25.817729+00'),
	('f9462ac0-89c2-4b12-88a1-c7a50c89ac97', 'f9462ac0-89c2-4b12-88a1-c7a50c89ac97', '{"sub": "f9462ac0-89c2-4b12-88a1-c7a50c89ac97", "email": "sss@sss"}', 'email', '2023-11-24 04:09:57.43488+00', '2023-11-24 04:09:57.434931+00', '2023-11-24 04:09:57.434931+00');


--
-- Data for Name: instances; Type: TABLE DATA; Schema: auth; Owner: supabase_auth_admin
--



--
-- Data for Name: sessions; Type: TABLE DATA; Schema: auth; Owner: supabase_auth_admin
--

INSERT INTO "auth"."sessions" ("id", "user_id", "created_at", "updated_at", "factor_id", "aal", "not_after") VALUES
	('40cfe711-87bd-4f06-b4a7-2a77893c3367', 'f430fcee-7405-445b-8fb8-bd49375a8e92', '2023-11-24 04:59:33.537884+00', '2023-11-24 04:59:33.537884+00', NULL, 'aal1', NULL),
	('aa9e5b3b-4250-4734-9283-81af459f373c', '3f27efe4-e09a-4e23-809c-320ae97bdae7', '2023-11-22 08:44:20.991074+00', '2023-11-22 08:44:20.991074+00', NULL, 'aal1', NULL);


--
-- Data for Name: mfa_amr_claims; Type: TABLE DATA; Schema: auth; Owner: supabase_auth_admin
--

INSERT INTO "auth"."mfa_amr_claims" ("session_id", "created_at", "updated_at", "authentication_method", "id") VALUES
	('40cfe711-87bd-4f06-b4a7-2a77893c3367', '2023-11-24 04:59:33.540473+00', '2023-11-24 04:59:33.540473+00', 'password', 'fcb15239-cc95-4c79-8b53-c2ff1e5cb94c'),
	('aa9e5b3b-4250-4734-9283-81af459f373c', '2023-11-22 08:44:20.993133+00', '2023-11-22 08:44:20.993133+00', 'password', 'a168c7d1-383c-4548-82de-7798ebea0166');


--
-- Data for Name: mfa_factors; Type: TABLE DATA; Schema: auth; Owner: supabase_auth_admin
--



--
-- Data for Name: mfa_challenges; Type: TABLE DATA; Schema: auth; Owner: supabase_auth_admin
--



--
-- Data for Name: refresh_tokens; Type: TABLE DATA; Schema: auth; Owner: supabase_auth_admin
--

INSERT INTO "auth"."refresh_tokens" ("instance_id", "id", "token", "user_id", "revoked", "created_at", "updated_at", "parent", "session_id") VALUES
	('00000000-0000-0000-0000-000000000000', 232, 'sSNe8N-I97f0XafeDzGSPw', 'f430fcee-7405-445b-8fb8-bd49375a8e92', false, '2023-11-24 06:19:44.622992+00', '2023-11-24 06:19:44.622992+00', 'EZT-Lwez8JsID_QueU1Lfw', '40cfe711-87bd-4f06-b4a7-2a77893c3367'),
	('00000000-0000-0000-0000-000000000000', 231, 'EZT-Lwez8JsID_QueU1Lfw', 'f430fcee-7405-445b-8fb8-bd49375a8e92', true, '2023-11-24 04:59:33.539053+00', '2023-11-24 06:19:44.635714+00', NULL, '40cfe711-87bd-4f06-b4a7-2a77893c3367'),
	('00000000-0000-0000-0000-000000000000', 233, '2shf5zQ5ZDwIzzMelcZaxg', 'f430fcee-7405-445b-8fb8-bd49375a8e92', false, '2023-11-24 06:19:44.635926+00', '2023-11-24 06:19:44.635926+00', 'EZT-Lwez8JsID_QueU1Lfw', '40cfe711-87bd-4f06-b4a7-2a77893c3367'),
	('00000000-0000-0000-0000-000000000000', 165, 'WMBVCVVrRxw2ad9k4eQbSQ', '3f27efe4-e09a-4e23-809c-320ae97bdae7', false, '2023-11-22 08:44:20.991889+00', '2023-11-22 08:44:20.991889+00', NULL, 'aa9e5b3b-4250-4734-9283-81af459f373c');


--
-- Data for Name: sso_providers; Type: TABLE DATA; Schema: auth; Owner: supabase_auth_admin
--



--
-- Data for Name: saml_providers; Type: TABLE DATA; Schema: auth; Owner: supabase_auth_admin
--



--
-- Data for Name: saml_relay_states; Type: TABLE DATA; Schema: auth; Owner: supabase_auth_admin
--



--
-- Data for Name: sso_domains; Type: TABLE DATA; Schema: auth; Owner: supabase_auth_admin
--



--
-- Data for Name: key; Type: TABLE DATA; Schema: pgsodium; Owner: supabase_admin
--



--
-- Data for Name: test_tenant; Type: TABLE DATA; Schema: public; Owner: supabase_admin
--



--
-- Data for Name: buckets; Type: TABLE DATA; Schema: storage; Owner: supabase_storage_admin
--



--
-- Data for Name: objects; Type: TABLE DATA; Schema: storage; Owner: supabase_storage_admin
--



--
-- Data for Name: hooks; Type: TABLE DATA; Schema: supabase_functions; Owner: supabase_functions_admin
--



--
-- Data for Name: secrets; Type: TABLE DATA; Schema: vault; Owner: supabase_admin
--



--
-- Name: refresh_tokens_id_seq; Type: SEQUENCE SET; Schema: auth; Owner: supabase_auth_admin
--

SELECT pg_catalog.setval('"auth"."refresh_tokens_id_seq"', 233, true);


--
-- Name: key_key_id_seq; Type: SEQUENCE SET; Schema: pgsodium; Owner: supabase_admin
--

SELECT pg_catalog.setval('"pgsodium"."key_key_id_seq"', 1, false);


--
-- Name: test_tenant_id_seq; Type: SEQUENCE SET; Schema: public; Owner: supabase_admin
--

SELECT pg_catalog.setval('"public"."test_tenant_id_seq"', 1, false);


--
-- Name: hooks_id_seq; Type: SEQUENCE SET; Schema: supabase_functions; Owner: supabase_functions_admin
--

SELECT pg_catalog.setval('"supabase_functions"."hooks_id_seq"', 1, false);


--
-- PostgreSQL database dump complete
--

RESET ALL;
